# Thirumalai, K., Richey, J.N., Quinn, T.M. (2021) PANGAEA https://doi.org/10.1594/PANGAEA.935982 (CC-BY-4.0); core 2010-GB2, Garrison Basin 26.67N 93.92W; SST annual mean from G. ruber Mg/Ca (method per PANGAEA header: Mg/Ca-T, Tierney et al. 2015); retrieved 2026-10-05; rows 0-6.4 ka only; splice point at 3.845 ka (gravity core added)
age_ka,sst,ci16,ci84,ci2_5,ci97_5
-0.048967175,26.6,25.6,26.7,25.2,27.3
-0.013807392,26.0,25.5,26.4,25.1,26.8
0.020702745,26.0,25.3,26.2,24.8,26.6
0.054576822,25.5,25.2,26.1,24.8,26.5
0.087841697,25.7,24.9,25.9,24.5,26.3
0.120506386,25.4,24.7,25.7,24.2,26.1
0.152779685,25.1,24.6,25.5,24.1,26.0
0.184365597,25.0,24.7,25.7,24.3,26.1
0.215538173,25.3,25.1,26.0,24.6,26.5
0.246143346,25.7,24.6,25.8,24.1,26.3
0.276161105,25.0,24.4,25.4,23.8,25.9
0.305852098,24.8,24.5,25.5,24.0,26.0
0.335026951,25.1,25.0,26.1,24.4,26.5
0.363899608,25.7,24.9,25.9,24.4,26.4
0.392309353,25.3,24.8,25.8,24.3,26.2
0.420448597,25.4,23.7,25.5,23.1,26.0
0.448119910,24.2,23.6,24.6,23.1,25.0
0.475281147,24.2,23.2,24.4,22.6,24.9
0.502466907,23.7,23.4,24.5,22.8,25.0
0.529142198,24.1,23.4,24.5,22.8,25.0
0.555736260,23.9,23.7,24.9,23.0,25.4
0.581727844,24.6,24.2,25.2,23.6,25.7
0.607549372,24.7,23.6,24.9,23.0,25.6
0.633586168,23.9,23.4,24.4,22.8,24.9
0.659228943,23.9,23.7,24.8,23.0,25.4
0.684904871,24.5,24.3,25.4,23.7,25.8
0.710189052,25.1,24.8,25.8,24.3,26.3
0.735712823,25.4,24.5,25.6,24.0,26.1
0.761178498,24.8,24.6,25.6,24.1,26.0
0.786181195,25.3,24.5,25.6,24.0,26.0
0.811371571,24.4,24.5,25.5,24.0,25.9
0.836440660,25.7,23.0,25.1,22.5,25.7
0.861446510,23.4,23.4,24.9,22.6,25.3
0.886815788,24.9,23.8,24.9,23.2,25.3
0.912267407,23.8,24.1,25.6,23.3,26.1
0.937452644,25.3,24.8,25.7,24.3,26.2
0.962824642,25.2,25.2,26.4,24.5,26.9
0.988502311,26.1,25.4,26.3,24.8,26.8
1.014286306,25.7,24.7,25.8,24.2,26.3
1.040295336,25.0,24.8,25.8,24.3,26.2
1.066558108,25.4,24.4,25.6,23.8,26.1
1.092672344,24.8,24.1,25.2,23.5,25.7
1.119415916,24.6,23.0,24.6,22.4,25.3
1.146119812,23.4,23.4,25.2,22.6,25.7
1.173315583,24.9,24.4,25.4,23.9,25.9
1.200820264,24.9,24.9,26.3,24.2,26.7
1.228809595,25.9,25.0,26.1,24.5,26.6
1.256931029,25.3,24.0,25.4,23.5,26.0
1.285737731,24.4,23.8,24.8,23.3,25.3
1.314955516,24.3,23.9,25.0,23.4,25.5
1.344217466,24.6,24.4,25.7,23.8,26.2
1.373795709,25.2,24.6,25.6,24.0,26.1
1.404194868,24.9,24.6,25.5,24.0,26.0
1.434838681,25.6,24.5,25.4,24.1,25.9
1.465494530,24.4,24.2,25.2,23.7,25.7
1.497178105,24.7,24.2,25.2,23.7,25.7
1.528898779,24.6,23.9,25.0,23.3,25.5
1.560936266,24.4,24.1,25.2,23.5,25.7
1.593843672,24.9,24.6,25.6,24.1,26.0
1.627015617,25.3,24.5,25.5,24.0,26.0
1.660781184,24.9,24.5,25.5,24.0,25.9
1.694963171,25.0,24.7,25.7,24.2,26.1
1.729688436,25.3,24.7,25.6,24.2,26.1
1.765060138,25.1,24.3,25.4,23.8,25.8
1.800591482,24.7,24.3,25.3,23.7,25.7
1.836929786,24.9,24.1,25.1,23.6,25.6
1.873287817,24.5,24.3,25.5,23.8,25.9
1.910752725,25.1,24.4,25.4,23.9,25.9
1.948305918,24.8,24.5,25.6,24.0,26.1
1.987168031,25.2,24.1,25.3,23.6,25.9
2.026355746,24.5,23.9,24.9,23.3,25.3
2.066150858,24.3,24.1,25.1,23.6,25.6
2.106147625,24.8,23.1,24.8,22.5,25.5
2.147408430,23.5,23.4,24.8,22.6,25.3
2.188668397,24.4,24.3,25.4,23.6,25.9
2.230799550,25.0,24.3,25.4,23.8,25.9
2.273583175,24.8,24.6,25.6,24.0,26.1
2.316819870,25.3,24.7,25.6,24.2,26.0
2.360708506,25.1,24.9,25.9,24.4,26.3
2.405237655,25.5,25.0,26.0,24.6,26.4
2.449835320,25.5,25.1,25.9,24.6,26.4
2.494638929,25.5,25.4,26.4,24.8,26.9
2.540072615,25.9,24.8,26.2,24.2,26.8
2.586033831,25.7,24.9,25.9,24.3,26.4
2.632385257,25.4,25.1,26.0,24.7,26.5
2.678908623,25.6,24.8,25.8,24.2,26.3
2.725915808,25.2,24.9,25.8,24.3,26.3
2.772922279,25.5,24.6,25.7,24.1,26.2
2.820733443,25.0,24.9,26.0,24.3,26.4
2.868514133,25.6,24.4,25.7,23.7,26.3
2.916827229,24.7,24.1,25.2,23.6,25.7
2.965414814,24.6,24.1,25.1,23.5,25.5
3.014104272,24.5,23.8,24.9,23.3,25.3
3.062328485,24.3,24.2,26.1,23.5,26.5
3.111750972,25.7,24.4,25.8,23.9,26.4
3.161496721,24.8,24.2,25.2,23.7,25.6
3.210122850,24.7,23.6,24.8,22.8,25.4
3.259382231,24.0,23.7,24.8,23.1,25.3
3.309249414,24.5,24.1,25.1,23.6,25.6
3.359338684,24.7,23.7,24.9,23.1,25.5
3.410118859,24.1,23.1,24.2,22.5,24.8
3.460362447,23.5,23.2,24.3,22.6,24.8
3.510348937,23.9,23.8,25.6,23.1,26.1
3.560819813,25.3,23.8,25.4,23.2,26.0
3.611139991,24.2,23.9,25.0,23.4,25.5
3.661464067,24.2,23.5,24.8,22.9,25.4
3.712282329,24.2,23.5,24.6,23.0,25.1
3.761855287,24.2,23.3,24.5,22.7,25.0
3.812029533,23.7,23.5,24.7,23.0,25.3
3.844834159,23.2,22.6,23.9,21.9,24.5
3.888843573,23.6,23.1,24.2,22.4,24.7
3.976832425,23.7,22.9,24.4,22.2,24.9
4.020854605,24.2,23.6,24.7,23.1,25.2
4.063839500,23.8,23.1,24.5,22.4,25.1
4.107816444,23.3,22.7,23.8,22.0,24.3
4.150828203,23.1,22.6,23.7,22.0,24.2
4.194842536,23.3,22.8,23.9,22.2,24.4
4.237841158,23.6,23.0,24.1,22.5,24.7
4.280860727,23.7,23.1,24.2,22.6,24.8
4.323851364,23.3,22.6,24.0,21.9,24.6
4.366859374,23.6,22.6,24.5,22.0,25.2
4.409880857,23.7,22.8,24.5,22.1,25.2
4.452860310,23.2,22.7,23.8,22.0,24.3
4.495835527,24.0,23.1,24.9,22.5,25.5
4.538803513,24.0,23.1,24.9,22.4,25.5
4.582826876,23.5,23.0,24.1,22.3,24.6
4.624807478,23.8,23.3,24.3,22.7,24.7
4.667775330,24.6,23.6,25.5,23.0,26.0
4.710773219,24.6,23.5,25.5,22.9,26.0
4.752787323,23.6,23.0,24.2,22.4,24.7
4.795773378,23.4,22.8,24.0,22.2,24.5
5.009710849,23.7,23.1,24.3,22.6,24.8
5.051708065,23.7,23.1,24.2,22.4,24.7
5.094714779,24.0,23.3,24.8,22.5,25.4
5.136746903,24.5,24.0,25.1,23.4,25.5
5.178739790,24.5,24.0,25.0,23.5,25.5
5.221752399,24.6,24.0,25.1,23.5,25.5
5.263751908,24.5,23.9,25.0,23.3,25.5
5.305779519,24.5,23.9,25.1,23.4,25.5
5.347804949,24.6,24.0,25.1,23.5,25.6
5.389809039,24.4,23.8,24.9,23.3,25.3
5.431820076,24.4,23.8,24.9,23.2,25.3
5.473828557,24.5,24.0,25.0,23.4,25.5
5.515809189,24.1,23.4,24.8,22.7,25.3
5.557812581,23.9,23.3,24.4,22.6,24.9
5.599791468,24.0,23.4,24.5,22.9,25.0
5.641772575,24.0,23.5,24.5,23.0,25.0
5.683777085,23.6,22.8,24.4,22.0,25.0
5.725799757,23.9,22.8,24.8,22.0,25.4
5.767813757,23.9,23.0,24.8,22.3,25.4
5.809807612,23.1,22.4,23.6,21.8,24.2
5.851832125,22.8,22.2,23.4,21.5,23.9
5.893806210,22.9,22.2,23.5,21.6,24.1
5.935808480,22.9,22.2,23.5,21.4,24.1
5.977790891,23.0,22.2,23.7,21.4,24.3
6.019806555,23.8,23.1,24.5,22.4,25.1
6.060776376,23.9,23.2,24.5,22.5,25.1
6.102765195,23.2,22.5,23.8,21.8,24.4
6.144747994,23.8,22.6,24.9,21.8,25.5
6.186760560,24.3,23.6,25.0,22.9,25.5
6.228749080,23.7,23.1,24.3,22.5,24.7
6.270749863,23.6,23.0,24.2,22.4,24.7
6.311763927,24.1,23.4,24.7,22.8,25.2
6.353757614,24.6,24.0,25.1,23.4,25.6
6.395735818,24.7,24.1,25.2,23.6,25.7
