# Marine20 marine radiocarbon calibration curve, 0-15,000 cal BP (columns 1-3 of the published curve).
# Heaton TJ, Köhler P, Butzin M, Bard E, Reimer RW, Austin WEN, Bronk Ramsey C, Grootes PM, Hughen KA, Kromer B,
# Reimer PJ, Adkins J, Burke A, Cook MS, Olsen J, Skinner LC (2020) Marine20 - the marine radiocarbon age calibration
# curve (0-55,000 cal BP). Radiocarbon 62: 779-820. doi:10.1017/RDC.2020.68
cal_BP,c14_age,sigma
0,603,60
10,603,61
20,604,62
30,604,63
40,607,64
50,613,64
60,624,64
70,633,65
80,640,65
90,646,65
100,653,66
110,658,66
120,663,67
130,676,67
140,692,66
150,708,65
160,717,65
170,717,66
180,720,67
190,724,67
200,731,68
210,734,68
220,734,69
230,738,70
240,749,70
250,764,70
260,781,69
270,797,69
280,814,68
290,831,68
300,847,67
310,863,66
320,876,66
330,886,66
340,893,66
350,896,66
360,899,67
370,904,68
380,909,68
390,915,69
400,922,69
410,932,69
420,945,69
430,960,69
440,972,69
450,985,69
460,998,69
470,1011,69
480,1026,68
490,1042,68
500,1061,67
510,1079,67
520,1096,66
530,1111,66
540,1127,65
550,1145,64
560,1162,64
570,1172,63
580,1175,64
590,1175,65
600,1179,66
610,1188,66
620,1202,66
630,1218,65
640,1234,65
650,1252,64
660,1269,63
670,1288,63
680,1306,62
690,1317,61
700,1325,62
710,1332,62
720,1345,62
730,1359,61
740,1371,61
750,1378,61
760,1383,61
770,1393,61
780,1405,61
790,1419,60
800,1430,60
810,1436,60
820,1443,61
830,1450,61
840,1456,61
850,1461,62
860,1467,62
870,1470,63
880,1478,63
890,1489,63
900,1503,63
910,1520,62
920,1537,61
930,1551,61
940,1560,61
950,1571,61
960,1586,60
970,1596,60
980,1605,60
990,1612,60
1000,1621,60
1010,1627,60
1020,1631,61
1030,1634,61
1040,1642,61
1050,1655,61
1060,1671,61
1070,1684,60
1080,1692,60
1090,1697,60
1100,1702,61
1110,1710,61
1120,1720,61
1130,1730,61
1140,1737,61
1150,1743,61
1160,1750,62
1170,1765,61
1180,1787,60
1190,1792,60
1200,1797,61
1210,1799,61
1220,1804,62
1230,1812,62
1240,1824,62
1250,1837,62
1260,1848,62
1270,1863,61
1280,1880,61
1290,1899,60
1300,1916,59
1310,1930,58
1320,1937,58
1330,1943,59
1340,1954,58
1350,1968,58
1360,1978,58
1370,1988,58
1380,1998,57
1390,2009,57
1400,2020,57
1410,2033,56
1420,2042,56
1430,2047,57
1440,2051,57
1450,2055,57
1460,2059,58
1470,2068,58
1480,2076,58
1490,2080,58
1500,2088,58
1510,2099,58
1520,2113,58
1530,2127,57
1540,2141,57
1550,2151,56
1560,2157,57
1570,2164,57
1580,2172,57
1590,2179,57
1600,2187,57
1610,2197,57
1620,2208,56
1630,2217,56
1640,2223,56
1650,2227,57
1660,2228,57
1670,2229,58
1680,2236,59
1690,2253,58
1700,2269,57
1710,2282,57
1720,2293,56
1730,2303,56
1740,2313,56
1750,2321,56
1760,2326,56
1770,2331,56
1780,2338,57
1790,2345,57
1800,2351,57
1810,2359,57
1820,2370,57
1830,2383,56
1840,2391,56
1850,2395,57
1860,2401,57
1870,2411,57
1880,2420,56
1890,2429,56
1900,2435,56
1910,2441,57
1920,2450,57
1930,2461,57
1940,2471,56
1950,2479,56
1960,2482,57
1970,2487,57
1980,2497,57
1990,2511,56
2000,2524,56
2010,2532,56
2020,2534,56
2030,2539,57
2040,2547,57
2050,2557,56
2060,2564,57
2070,2570,57
2080,2575,57
2090,2582,57
2100,2591,57
2110,2600,57
2120,2611,57
2130,2620,57
2140,2628,57
2150,2641,56
2160,2651,56
2170,2657,56
2180,2665,56
2190,2671,56
2200,2674,56
2210,2681,57
2220,2684,57
2230,2685,58
2240,2688,58
2250,2693,59
2260,2696,59
2270,2700,60
2280,2709,60
2290,2724,60
2300,2741,59
2310,2754,58
2320,2766,58
2330,2781,57
2340,2798,57
2350,2816,56
2360,2829,55
2370,2836,55
2380,2840,55
2390,2843,56
2400,2849,56
2410,2855,56
2420,2861,56
2430,2867,56
2440,2872,56
2450,2877,57
2460,2884,57
2470,2891,57
2480,2898,57
2490,2908,57
2500,2918,56
2510,2924,57
2520,2930,57
2530,2935,57
2540,2942,57
2550,2947,57
2560,2949,58
2570,2954,58
2580,2957,58
2590,2959,59
2600,2962,60
2610,2973,60
2620,2985,59
2630,2987,60
2640,2989,61
2650,2993,61
2660,3001,61
2670,3013,61
2680,3024,61
2690,3037,61
2700,3052,61
2710,3067,60
2720,3082,60
2730,3099,59
2740,3113,58
2750,3131,57
2760,3147,57
2770,3158,56
2780,3168,56
2790,3177,56
2800,3183,56
2810,3187,57
2820,3191,57
2830,3197,57
2840,3207,57
2850,3220,57
2860,3230,56
2870,3240,56
2880,3250,56
2890,3256,56
2900,3259,56
2910,3264,57
2920,3272,57
2930,3281,57
2940,3288,57
2950,3298,57
2960,3309,56
2970,3316,56
2980,3321,57
2990,3329,57
3000,3338,56
3010,3345,57
3020,3349,57
3030,3355,57
3040,3361,57
3050,3368,57
3060,3377,57
3070,3388,57
3080,3397,57
3090,3401,57
3100,3405,57
3110,3413,58
3120,3418,58
3130,3423,58
3140,3432,58
3150,3442,58
3160,3452,58
3170,3462,57
3180,3470,58
3190,3476,58
3200,3483,58
3210,3493,58
3220,3503,58
3230,3511,58
3240,3519,58
3250,3529,58
3260,3538,58
3270,3545,58
3280,3549,58
3290,3550,59
3300,3554,59
3310,3561,60
3320,3572,60
3330,3584,59
3340,3596,59
3350,3607,59
3360,3620,58
3370,3632,58
3380,3644,58
3390,3654,57
3400,3664,57
3410,3672,57
3420,3676,57
3430,3681,58
3440,3693,58
3450,3709,57
3460,3721,56
3470,3729,56
3480,3738,56
3490,3748,56
3500,3755,56
3510,3760,56
3520,3765,56
3530,3769,57
3540,3775,57
3550,3784,57
3560,3795,57
3570,3807,56
3580,3816,56
3590,3823,56
3600,3827,57
3610,3832,57
3620,3840,57
3630,3849,57
3640,3860,57
3650,3868,57
3660,3869,57
3670,3873,58
3680,3883,58
3690,3897,57
3700,3907,57
3710,3915,57
3720,3925,57
3730,3933,56
3740,3936,57
3750,3939,57
3760,3945,57
3770,3954,57
3780,3960,58
3790,3960,58
3800,3962,59
3810,3971,59
3820,3986,59
3830,4000,58
3840,4012,57
3850,4020,57
3860,4026,57
3870,4033,58
3880,4041,58
3890,4051,58
3900,4059,57
3910,4067,57
3920,4074,57
3930,4083,57
3940,4086,58
3950,4089,58
3960,4098,58
3970,4110,58
3980,4122,57
3990,4133,57
4000,4140,57
4010,4145,57
4020,4149,57
4030,4151,58
4040,4153,59
4050,4157,59
4060,4165,59
4070,4176,59
4080,4189,59
4090,4202,58
4100,4211,58
4110,4214,58
4120,4217,59
4130,4222,59
4140,4233,59
4150,4248,58
4160,4258,58
4170,4262,58
4180,4268,58
4190,4273,59
4200,4274,59
4210,4278,60
4220,4288,60
4230,4299,59
4240,4310,59
4250,4319,59
4260,4324,59
4270,4329,59
4280,4335,59
4290,4345,59
4300,4354,59
4310,4360,59
4320,4363,60
4330,4367,61
4340,4373,61
4350,4382,61
4360,4390,61
4370,4395,61
4380,4401,61
4390,4411,61
4400,4423,61
4410,4439,60
4420,4454,60
4430,4464,59
4440,4474,59
4450,4483,59
4460,4486,60
4470,4487,60
4480,4490,61
4490,4494,61
4500,4503,61
4510,4515,61
4520,4530,60
4530,4542,60
4540,4547,60
4550,4552,60
4560,4558,61
4570,4567,60
4580,4577,60
4590,4582,60
4600,4587,61
4610,4594,61
4620,4603,61
4630,4610,61
4640,4617,61
4650,4625,61
4660,4630,61
4670,4631,62
4680,4635,62
4690,4643,62
4700,4653,62
4710,4661,62
4720,4669,63
4730,4676,63
4740,4680,63
4750,4679,64
4760,4679,65
4770,4685,65
4780,4695,65
4790,4709,65
4800,4722,65
4810,4737,64
4820,4753,64
4830,4771,63
4840,4787,62
4850,4802,62
4860,4816,61
4870,4828,60
4880,4836,60
4890,4842,61
4900,4846,61
4910,4851,61
4920,4856,61
4930,4860,62
4940,4865,62
4950,4873,63
4960,4884,62
4970,4894,62
4980,4904,62
4990,4909,62
5000,4912,62
5010,4915,63
5020,4921,63
5030,4932,63
5040,4944,63
5050,4956,62
5060,4965,62
5070,4970,62
5080,4975,62
5090,4979,63
5100,4981,64
5110,4983,64
5120,4990,64
5130,4999,64
5140,5007,64
5150,5012,65
5160,5013,65
5170,5015,66
5180,5019,66
5190,5022,67
5200,5027,68
5210,5036,68
5220,5045,68
5230,5053,68
5240,5061,68
5250,5069,68
5260,5080,69
5270,5092,68
5280,5107,68
5290,5121,67
5300,5137,67
5310,5155,66
5320,5175,65
5330,5189,64
5340,5195,64
5350,5199,65
5360,5205,65
5370,5208,66
5380,5210,66
5390,5214,67
5400,5219,67
5410,5222,68
5420,5228,69
5430,5238,69
5440,5254,68
5450,5268,68
5460,5282,67
5470,5298,67
5480,5313,66
5490,5322,66
5500,5326,66
5510,5329,67
5520,5335,67
5530,5341,68
5540,5347,68
5550,5357,69
5560,5369,69
5570,5384,68
5580,5405,67
5590,5427,66
5600,5444,65
5610,5454,65
5620,5458,65
5630,5461,66
5640,5469,66
5650,5481,66
5660,5494,65
5670,5500,65
5680,5505,66
5690,5511,66
5700,5518,66
5710,5528,66
5720,5538,66
5730,5550,66
5740,5561,66
5750,5574,65
5760,5584,65
5770,5591,65
5780,5596,66
5790,5601,66
5800,5605,66
5810,5608,67
5820,5611,68
5830,5614,68
5840,5623,68
5850,5633,68
5860,5643,68
5870,5653,68
5880,5664,68
5890,5680,68
5900,5697,67
5910,5713,67
5920,5726,66
5930,5739,66
5940,5752,65
5950,5759,65
5960,5763,66
5970,5766,66
5980,5775,67
5990,5791,66
6000,5807,65
6010,5817,65
6020,5825,65
6030,5830,65
6040,5833,66
6050,5837,66
6060,5843,67
6070,5848,67
6080,5850,68
6090,5854,68
6100,5864,68
6110,5879,68
6120,5892,67
6130,5898,67
6140,5899,68
6150,5901,69
6160,5910,69
6170,5925,69
6180,5940,69
6190,5956,68
6200,5970,68
6210,5982,67
6220,5991,67
6230,5995,68
6240,5997,69
6250,6003,70
6260,6016,69
6270,6034,69
6280,6053,68
6290,6070,67
6300,6086,66
6310,6100,66
6320,6109,65
6330,6115,66
6340,6122,66
6350,6130,66
6360,6135,67
6370,6139,67
6380,6147,67
6390,6163,67
6400,6180,66
6410,6190,66
6420,6195,66
6430,6202,67
6440,6213,66
6450,6223,66
6460,6230,66
6470,6237,67
6480,6247,66
6490,6260,66
6500,6271,66
6510,6277,66
6520,6282,66
6530,6289,67
6540,6297,67
6550,6306,66
6560,6317,66
6570,6325,66
6580,6329,67
6590,6334,67
6600,6342,67
6610,6351,67
6620,6360,67
6630,6372,67
6640,6383,67
6650,6393,67
6660,6406,67
6670,6419,66
6680,6429,66
6690,6434,66
6700,6439,67
6710,6445,67
6720,6454,67
6730,6466,67
6740,6479,66
6750,6489,66
6760,6495,67
6770,6501,67
6780,6512,67
6790,6525,67
6800,6535,66
6810,6540,67
6820,6543,67
6830,6550,67
6840,6560,67
6850,6570,67
6860,6578,68
6870,6584,68
6880,6594,68
6890,6605,67
6900,6614,68
6910,6621,68
6920,6627,68
6930,6636,68
6940,6647,68
6950,6659,68
6960,6667,67
6970,6674,68
6980,6683,68
6990,6693,68
7000,6704,68
7010,6714,68
7020,6723,68
7030,6730,68
7040,6735,68
7050,6740,68
7060,6747,69
7070,6755,69
7080,6763,69
7090,6769,69
7100,6774,69
7110,6779,70
7120,6783,71
7130,6788,72
7140,6799,72
7150,6819,71
7160,6843,69
7170,6861,68
7180,6870,68
7190,6874,69
7200,6877,70
7210,6880,70
7220,6887,71
7230,6897,71
7240,6912,70
7250,6928,70
7260,6945,69
7270,6958,69
7280,6967,69
7290,6975,69
7300,6984,69
7310,6996,69
7320,7010,69
7330,7023,68
7340,7033,68
7350,7040,69
7360,7049,69
7370,7056,69
7380,7060,69
7390,7066,70
7400,7075,70
7410,7091,70
7420,7116,69
7430,7140,67
7440,7149,67
7450,7154,68
7460,7163,68
7470,7174,68
7480,7186,68
7490,7195,67
7500,7207,67
7510,7222,67
7520,7234,66
7530,7236,67
7540,7238,68
7550,7248,68
7560,7267,67
7570,7288,67
7580,7305,66
7590,7316,65
7600,7325,66
7610,7337,65
7620,7348,65
7630,7355,65
7640,7361,65
7650,7371,66
7660,7385,65
7670,7401,65
7680,7415,64
7690,7427,64
7700,7436,64
7710,7443,64
7720,7451,64
7730,7459,64
7740,7468,64
7750,7477,64
7760,7485,64
7770,7492,64
7780,7503,64
7790,7515,64
7800,7524,63
7810,7528,64
7820,7536,65
7830,7548,64
7840,7561,64
7850,7571,64
7860,7582,64
7870,7595,63
7880,7603,63
7890,7604,64
7900,7605,65
7910,7615,65
7920,7631,65
7930,7650,64
7940,7665,63
7950,7675,63
7960,7687,63
7970,7700,62
7980,7711,62
7990,7718,63
8000,7728,63
8010,7742,62
8020,7758,61
8030,7773,61
8040,7784,60
8050,7792,60
8060,7797,60
8070,7801,61
8080,7804,61
8090,7808,62
8100,7813,62
8110,7820,62
8120,7827,62
8130,7834,62
8140,7840,62
8150,7849,63
8160,7862,62
8170,7879,62
8180,7897,61
8190,7911,61
8200,7921,60
8210,7930,60
8220,7938,60
8230,7943,60
8240,7947,60
8250,7951,61
8260,7954,62
8270,7959,62
8280,7969,62
8290,7979,62
8300,7988,62
8310,7999,62
8320,8011,61
8330,8024,61
8340,8037,61
8350,8049,60
8360,8061,60
8370,8075,60
8380,8089,59
8390,8102,59
8400,8114,59
8410,8127,58
8420,8140,57
8430,8149,57
8440,8156,57
8450,8165,57
8460,8174,57
8470,8179,57
8480,8185,57
8490,8190,58
8500,8194,58
8510,8202,58
8520,8212,58
8530,8221,58
8540,8233,58
8550,8245,57
8560,8251,57
8570,8256,58
8580,8265,57
8590,8280,57
8600,8294,56
8610,8301,56
8620,8305,56
8630,8314,56
8640,8326,56
8650,8335,55
8660,8339,56
8670,8340,56
8680,8343,57
8690,8350,57
8700,8356,57
8710,8362,57
8720,8369,57
8730,8375,57
8740,8378,57
8750,8384,57
8760,8390,57
8770,8400,57
8780,8409,57
8790,8415,57
8800,8420,57
8810,8424,57
8820,8427,58
8830,8426,59
8840,8429,60
8850,8437,59
8860,8447,59
8870,8453,59
8880,8456,60
8890,8463,60
8900,8471,60
8910,8474,60
8920,8477,61
8930,8484,61
8940,8492,61
8950,8499,61
8960,8507,62
8970,8519,61
8980,8535,61
8990,8552,60
9000,8569,59
9010,8584,58
9020,8598,58
9030,8609,57
9040,8614,57
9050,8614,58
9060,8616,59
9070,8622,59
9080,8631,59
9090,8641,58
9100,8647,59
9110,8652,59
9120,8662,59
9130,8674,59
9140,8684,58
9150,8692,58
9160,8695,59
9170,8695,60
9180,8696,60
9190,8702,60
9200,8711,60
9210,8718,60
9220,8723,61
9230,8728,61
9240,8734,62
9250,8742,62
9260,8753,61
9270,8765,61
9280,8777,61
9290,8787,60
9300,8797,60
9310,8807,60
9320,8816,60
9330,8824,60
9340,8828,60
9350,8830,61
9360,8834,61
9370,8839,62
9380,8847,62
9390,8856,62
9400,8870,62
9410,8884,61
9420,8897,61
9430,8910,60
9440,8921,60
9450,8932,60
9460,8945,60
9470,8959,59
9480,8973,59
9490,8986,59
9500,8994,59
9510,9001,59
9520,9015,58
9530,9037,57
9540,9061,55
9550,9079,54
9560,9088,54
9570,9091,54
9580,9093,54
9590,9099,54
9600,9106,54
9610,9112,55
9620,9116,55
9630,9122,55
9640,9125,55
9650,9130,55
9660,9137,56
9670,9144,56
9680,9153,56
9690,9163,56
9700,9170,55
9710,9176,55
9720,9181,55
9730,9186,55
9740,9191,56
9750,9197,56
9760,9203,56
9770,9209,56
9780,9216,56
9790,9221,56
9800,9226,56
9810,9231,57
9820,9236,57
9830,9239,57
9840,9242,57
9850,9245,58
9860,9250,58
9870,9255,59
9880,9264,59
9890,9277,58
9900,9289,58
9910,9299,57
9920,9306,57
9930,9310,57
9940,9313,58
9950,9319,58
9960,9329,57
9970,9336,57
9980,9336,58
9990,9335,59
10000,9340,59
10010,9348,59
10020,9353,59
10030,9358,60
10040,9366,59
10050,9371,60
10060,9371,61
10070,9372,62
10080,9378,62
10090,9385,62
10100,9394,62
10110,9406,62
10120,9418,61
10130,9427,61
10140,9437,62
10150,9449,61
10160,9461,61
10170,9473,61
10180,9487,60
10190,9501,59
10200,9514,59
10210,9524,59
10220,9536,58
10230,9553,58
10240,9570,56
10250,9584,56
10260,9591,55
10270,9596,56
10280,9603,56
10290,9611,55
10300,9618,55
10310,9622,56
10320,9623,56
10330,9628,56
10340,9635,56
10350,9639,57
10360,9643,57
10370,9650,57
10380,9657,57
10390,9663,57
10400,9669,57
10410,9677,56
10420,9685,56
10430,9693,56
10440,9700,56
10450,9702,56
10460,9701,57
10470,9704,57
10480,9714,57
10490,9728,56
10500,9741,56
10510,9752,55
10520,9759,56
10530,9762,56
10540,9766,56
10550,9774,57
10560,9785,56
10570,9798,56
10580,9810,55
10590,9820,55
10600,9826,55
10610,9829,55
10620,9830,56
10630,9832,56
10640,9840,56
10650,9851,56
10660,9860,56
10670,9866,56
10680,9873,56
10690,9883,56
10700,9893,56
10710,9901,56
10720,9908,56
10730,9915,56
10740,9922,55
10750,9930,55
10760,9938,55
10770,9946,55
10780,9954,55
10790,9961,55
10800,9968,55
10810,9973,55
10820,9978,55
10830,9981,55
10840,9982,56
10850,9984,56
10860,9989,56
10870,9999,56
10880,10007,56
10890,10012,56
10900,10015,56
10910,10017,57
10920,10018,57
10930,10019,58
10940,10020,58
10950,10020,59
10960,10020,60
10970,10020,61
10980,10024,62
10990,10034,61
11000,10047,61
11010,10056,60
11020,10060,61
11030,10062,62
11040,10066,62
11050,10075,63
11060,10090,62
11070,10107,61
11080,10119,61
11090,10128,61
11100,10138,61
11110,10147,61
11120,10154,61
11130,10161,61
11140,10170,61
11150,10180,61
11160,10191,61
11170,10205,61
11180,10220,60
11190,10234,60
11200,10249,59
11210,10261,58
11220,10272,58
11230,10284,58
11240,10298,57
11250,10311,57
11260,10322,56
11270,10332,56
11280,10339,56
11290,10344,56
11300,10349,56
11310,10355,56
11320,10363,56
11330,10370,57
11340,10376,57
11350,10383,57
11360,10387,57
11370,10388,58
11380,10392,58
11390,10404,58
11400,10419,57
11410,10427,57
11420,10429,57
11430,10429,58
11440,10431,58
11450,10434,58
11460,10439,59
11470,10446,59
11480,10451,59
11490,10458,59
11500,10466,59
11510,10473,59
11520,10475,60
11530,10476,60
11540,10480,61
11550,10483,61
11560,10488,61
11570,10492,61
11580,10496,62
11590,10502,62
11600,10511,62
11610,10521,62
11620,10529,62
11630,10535,62
11640,10542,62
11650,10549,62
11660,10552,62
11670,10552,63
11680,10558,63
11690,10568,63
11700,10576,63
11710,10582,63
11720,10588,63
11730,10596,64
11740,10605,63
11750,10615,63
11760,10622,63
11770,10627,64
11780,10629,64
11790,10634,64
11800,10642,64
11810,10654,64
11820,10666,63
11830,10676,63
11840,10682,63
11850,10686,63
11860,10691,64
11870,10698,64
11880,10706,64
11890,10712,64
11900,10716,64
11910,10720,64
11920,10727,65
11930,10739,64
11940,10751,64
11950,10760,64
11960,10765,64
11970,10772,64
11980,10778,64
11990,10783,64
12000,10791,64
12010,10797,64
12020,10801,64
12030,10805,65
12040,10812,65
12050,10819,65
12060,10825,65
12070,10829,65
12080,10833,66
12090,10839,66
12100,10849,66
12110,10854,66
12120,10856,66
12130,10860,66
12140,10865,67
12150,10870,67
12160,10875,67
12170,10883,67
12180,10890,67
12190,10897,67
12200,10906,67
12210,10909,68
12220,10909,68
12230,10909,69
12240,10913,70
12250,10921,70
12260,10929,70
12270,10938,70
12280,10944,70
12290,10945,70
12300,10945,71
12310,10948,72
12320,10958,72
12330,10970,72
12340,10973,72
12350,10973,73
12360,10977,74
12370,10984,74
12380,10991,74
12390,10995,75
12400,10999,76
12410,11006,76
12420,11018,76
12430,11031,76
12440,11043,76
12450,11055,76
12460,11070,75
12470,11087,75
12480,11105,74
12490,11122,73
12500,11134,73
12510,11141,73
12520,11145,73
12530,11145,74
12540,11146,75
12550,11150,76
12560,11158,77
12570,11169,77
12580,11182,77
12590,11197,77
12600,11213,76
12610,11231,76
12620,11248,75
12630,11259,75
12640,11267,75
12650,11276,76
12660,11289,75
12670,11304,75
12680,11320,75
12690,11335,74
12700,11350,74
12710,11366,74
12720,11385,73
12730,11406,72
12740,11425,71
12750,11444,70
12760,11461,69
12770,11472,69
12780,11479,69
12790,11485,69
12800,11491,70
12810,11499,70
12820,11510,70
12830,11524,69
12840,11536,69
12850,11544,69
12860,11548,69
12870,11553,70
12880,11563,70
12890,11574,70
12900,11585,69
12910,11595,69
12920,11604,69
12930,11612,69
12940,11618,70
12950,11624,70
12960,11632,70
12970,11640,70
12980,11648,70
12990,11656,70
13000,11665,70
13010,11674,70
13020,11680,71
13030,11687,71
13040,11696,71
13050,11706,72
13060,11718,71
13070,11733,71
13080,11750,70
13090,11769,69
13100,11787,68
13110,11800,68
13120,11811,67
13130,11818,68
13140,11823,68
13150,11833,68
13160,11849,68
13170,11866,67
13180,11878,66
13190,11886,66
13200,11891,66
13210,11895,67
13220,11903,67
13230,11915,67
13240,11927,67
13250,11936,66
13260,11942,66
13270,11947,67
13280,11954,67
13290,11966,67
13300,11981,67
13310,11995,66
13320,12007,66
13330,12017,66
13340,12026,65
13350,12036,65
13360,12044,65
13370,12050,65
13380,12056,65
13390,12062,66
13400,12071,66
13410,12080,66
13420,12089,66
13430,12098,66
13440,12108,66
13450,12120,66
13460,12133,66
13470,12144,65
13480,12155,65
13490,12167,65
13500,12181,65
13510,12194,64
13520,12206,63
13530,12211,63
13540,12210,64
13550,12209,65
13560,12213,65
13570,12225,65
13580,12241,64
13590,12257,64
13600,12273,63
13610,12285,62
13620,12290,62
13630,12292,62
13640,12296,63
13650,12305,63
13660,12313,63
13670,12319,63
13680,12323,63
13690,12327,63
13700,12331,64
13710,12335,64
13720,12341,64
13730,12351,64
13740,12363,64
13750,12375,64
13760,12388,63
13770,12399,63
13780,12411,63
13790,12426,62
13800,12442,61
13810,12452,60
13820,12457,61
13830,12460,61
13840,12465,61
13850,12472,61
13860,12480,61
13870,12488,61
13880,12495,62
13890,12500,62
13900,12503,62
13910,12505,62
13920,12507,63
13930,12508,64
13940,12511,64
13950,12515,65
13960,12521,65
13970,12529,66
13980,12538,66
13990,12548,65
14000,12559,65
14010,12571,65
14020,12583,64
14030,12595,63
14040,12607,63
14050,12618,62
14060,12629,62
14070,12640,62
14080,12649,61
14090,12658,61
14100,12666,61
14110,12673,61
14120,12679,61
14130,12684,61
14140,12690,61
14150,12696,61
14160,12702,61
14170,12709,61
14180,12715,61
14190,12721,61
14200,12726,61
14210,12731,61
14220,12736,61
14230,12741,61
14240,12746,62
14250,12751,62
14260,12756,63
14270,12761,63
14280,12767,64
14290,12773,64
14300,12780,64
14310,12786,64
14320,12793,63
14330,12799,63
14340,12804,63
14350,12809,63
14360,12812,63
14370,12816,63
14380,12820,63
14390,12823,64
14400,12827,64
14410,12831,65
14420,12835,65
14430,12840,65
14440,12844,65
14450,12849,65
14460,12854,65
14470,12859,65
14480,12864,65
14490,12869,66
14500,12874,66
14510,12879,66
14520,12885,66
14530,12890,66
14540,12895,67
14550,12900,67
14560,12905,67
14570,12910,67
14580,12914,67
14590,12919,67
14600,12923,67
14610,12927,68
14620,12931,68
14630,12935,68
14640,12939,69
14650,12942,69
14660,12944,70
14670,12946,71
14680,12947,72
14690,12947,72
14700,12947,73
14710,12947,74
14720,12947,74
14730,12949,75
14740,12953,75
14750,12958,75
14760,12966,75
14770,12975,75
14780,12985,75
14790,12996,75
14800,13006,74
14810,13017,74
14820,13026,74
14830,13035,74
14840,13044,74
14850,13051,74
14860,13058,74
14870,13065,75
14880,13072,75
14890,13079,75
14900,13086,75
14910,13093,76
14920,13101,76
14930,13109,76
14940,13117,76
14950,13126,76
14960,13134,76
14970,13143,76
14980,13152,76
14990,13160,76
15000,13168,76
