site,sample_id,sample_id_source,group,source,stratum,method,t_pub_ka,ref_year,t_used_ka,err_2s_ka,conv14C,conv14C_err,dR,dR_err,curve,keep,flags,t_sens_dR_regional_ka,subregion,t_LT_marine20_ka,in_model
Punta Maroma,SURF7(a),SURF7(a),palmata,Medina-Valmaseda et al. 2025,Medina-Valmaseda et al. 2025,U-Th,0.06532,2021,-0.00567999999999999,0.00011,,,,,,yes,<Flags(allows_duplicate_labels=True)>,,,,yes
Punta Maroma,SURF2(c),SURF2(c),palmata,Medina-Valmaseda et al. 2025,Medina-Valmaseda et al. 2025,U-Th,0.07449,2021,0.00349000000000001,0.00045,,,,,,yes,<Flags(allows_duplicate_labels=True)>,,,,yes
Punta Maroma,SURF21(a),SURF21(a),Other Species,Medina-Valmaseda et al. 2025,Medina-Valmaseda et al. 2025,U-Th,0.08242,2021,0.01142,0.00043,,,,,,yes,<Flags(allows_duplicate_labels=True)>,,,,no
Punta Maroma,SURF2(d),SURF2(d),palmata,Medina-Valmaseda et al. 2025,Medina-Valmaseda et al. 2025,U-Th,0.08433,2021,0.01333,0.00955,,,,,,yes,<Flags(allows_duplicate_labels=True)>,,,,yes
Punta Maroma,SURF X,SURF X,palmata,Medina-Valmaseda et al. 2025,Medina-Valmaseda et al. 2025,U-Th,0.09225,2021,0.02125,0.00955,,,,,,yes,<Flags(allows_duplicate_labels=True)>,,,,yes
Punta Maroma,SURF2(a),SURF2(a),palmata,Medina-Valmaseda et al. 2025,Medina-Valmaseda et al. 2025,U-Th,0.10034,2021,0.02934,0.00952,,,,,,yes,<Flags(allows_duplicate_labels=True)>,,,,yes
Punta Maroma,SURF10(a),SURF10(a),palmata,Medina-Valmaseda et al. 2025,Medina-Valmaseda et al. 2025,U-Th,0.11059,2021,0.03959,0.0095,,,,,,yes,<Flags(allows_duplicate_labels=True)>,,,,yes
Punta Maroma,MR8(a),MR8(a),palmata,Medina-Valmaseda et al. 2025,Medina-Valmaseda et al. 2025,U-Th,0.1295,2021,0.0585,0.0103,,,,,,yes,<Flags(allows_duplicate_labels=True)>,,,,yes
Punta Maroma,SURF24(b),SURF24(b),palmata,Medina-Valmaseda et al. 2025,Medina-Valmaseda et al. 2025,U-Th,0.1367,2021,0.0657,0.0048,,,,,,yes,<Flags(allows_duplicate_labels=True)>,,,,yes
Punta Maroma,MR9(b),MR9(b),palmata,Medina-Valmaseda et al. 2025,Medina-Valmaseda et al. 2025,U-Th,0.1414,2021,0.0704,0.0097,,,,,,yes,<Flags(allows_duplicate_labels=True)>,,,,yes
Punta Maroma,SURF3(b),SURF3(b),palmata,Medina-Valmaseda et al. 2025,Medina-Valmaseda et al. 2025,U-Th,0.14721,2021,0.07621,0.00953,,,,,,yes,<Flags(allows_duplicate_labels=True)>,,,,yes
Punta Maroma,SURF2(e),SURF2(e),palmata,Medina-Valmaseda et al. 2025,Medina-Valmaseda et al. 2025,U-Th,0.15052,2021,0.07952,0.00958,,,,,,yes,<Flags(allows_duplicate_labels=True)>,,,,yes
Punta Maroma,MR9(a),MR9(a),palmata,Medina-Valmaseda et al. 2025,Medina-Valmaseda et al. 2025,U-Th,0.1663,2021,0.0953,0.0187,,,,,,yes,<Flags(allows_duplicate_labels=True)>,,,,yes
Punta Maroma,M1(b),M1(b),Other Species,Medina-Valmaseda et al. 2025,Medina-Valmaseda et al. 2025,U-Th,0.1692,2021,0.0982,0.0098,,,,,,yes,<Flags(allows_duplicate_labels=True)>,,,,no
Punta Maroma,MR11(c),MR11(c),palmata,Medina-Valmaseda et al. 2025,Medina-Valmaseda et al. 2025,U-Th,0.1693,2021,0.0983,0.0021,,,,,,yes,<Flags(allows_duplicate_labels=True)>,,,,yes
Punta Maroma,SURF2(b),SURF2(b),palmata,Medina-Valmaseda et al. 2025,Medina-Valmaseda et al. 2025,U-Th,0.18393,2021,0.11293,0.00955,,,,,,yes,<Flags(allows_duplicate_labels=True)>,,,,yes
Punta Maroma,M1(a),M1(a),palmata,Medina-Valmaseda et al. 2025,Medina-Valmaseda et al. 2025,U-Th,0.2172,2021,0.1462,0.0157,,,,,,yes,<Flags(allows_duplicate_labels=True)>,,,,yes
Punta Maroma,SURF18(c),SURF18(c),palmata,Medina-Valmaseda et al. 2025,Medina-Valmaseda et al. 2025,U-Th,0.21768,2021,0.14668,0.00972,,,,,,yes,<Flags(allows_duplicate_labels=True)>,,,,yes
Punta Maroma,M1(a),M1(a),palmata,Medina-Valmaseda et al. 2025,Medina-Valmaseda et al. 2025,U-Th,0.2453,2021,0.1743,0.0315,,,,,,yes,<Flags(allows_duplicate_labels=True)>,,,,yes
Punta Maroma,SURF18(b),SURF18(b),palmata,Medina-Valmaseda et al. 2025,Medina-Valmaseda et al. 2025,U-Th,0.275,2021,0.204,0.00953,,,,,,yes,<Flags(allows_duplicate_labels=True)>,,,,yes
Punta Maroma,M11(b),MR11(b),Other Species,Medina-Valmaseda et al. 2025,Medina-Valmaseda et al. 2025,U-Th,0.3028,2021,0.2318,0.0018,,,,,,yes,<Flags(allows_duplicate_labels=True)>,,,,no
Punta Maroma,SURF7(b),SURF7(b),palmata,Medina-Valmaseda et al. 2025,Medina-Valmaseda et al. 2025,U-Th,0.32783,2021,0.25683,0.00958,,,,,,yes,<Flags(allows_duplicate_labels=True)>,,,,yes
Punta Maroma,SURF12(d),SURF12(d),Other Species,Medina-Valmaseda et al. 2025,Medina-Valmaseda et al. 2025,U-Th,0.3543,2021,0.2833,0.01918,,,,,,yes,<Flags(allows_duplicate_labels=True)>,,,,no
Punta Maroma,SURF4,SURF4,palmata,Medina-Valmaseda et al. 2025,Medina-Valmaseda et al. 2025,U-Th,0.3945,2021,0.3235,0.0048,,,,,,yes,<Flags(allows_duplicate_labels=True)>,,,,yes
Punta Maroma,M1(b),M1(b),Other Species,Medina-Valmaseda et al. 2025,Medina-Valmaseda et al. 2025,U-Th,0.3991,2021,0.3281,0.0098,,,,,,yes,<Flags(allows_duplicate_labels=True)>,,,,no
Punta Maroma,MR4(a),MR4(a),Other Species,Medina-Valmaseda et al. 2025,Medina-Valmaseda et al. 2025,U-Th,0.4155,2021,0.3445,0.0035,,,,,,yes,<Flags(allows_duplicate_labels=True)>,,,,no
Punta Maroma,SURF23(b),SURF23(b),palmata,Medina-Valmaseda et al. 2025,Medina-Valmaseda et al. 2025,U-Th,0.481,2021,0.41,0.0052,,,,,,yes,<Flags(allows_duplicate_labels=True)>,,,,yes
Punta Maroma,SURF14(c),SURF14(c),palmata,Medina-Valmaseda et al. 2025,Medina-Valmaseda et al. 2025,U-Th,0.48175,2021,0.41075,0.0192,,,,,,yes,<Flags(allows_duplicate_labels=True)>,,,,yes
Punta Maroma,MR13.5,MR13.5,Other Species,Medina-Valmaseda et al. 2025,Medina-Valmaseda et al. 2025,U-Th,0.4888,2021,0.4178,0.0198,,,,,,yes,<Flags(allows_duplicate_labels=True)>,,,,no
Punta Maroma,MR13,MR13,Other Species,Medina-Valmaseda et al. 2025,Medina-Valmaseda et al. 2025,U-Th,0.5051,2021,0.4341,0.0147,,,,,,yes,<Flags(allows_duplicate_labels=True)>,,,,no
Punta Maroma,MA5(a),MA5(a),Other Species,Medina-Valmaseda et al. 2025,Medina-Valmaseda et al. 2025,U-Th,0.635,2021,0.564,0.0486,,,,,,yes,<Flags(allows_duplicate_labels=True)>,,,,no
Punta Maroma,MR6(b),MR6(b),Other Species,Medina-Valmaseda et al. 2025,Medina-Valmaseda et al. 2025,U-Th,0.6904,2021,0.6194,0.0395,,,,,,yes,<Flags(allows_duplicate_labels=True)>,,,,no
Punta Maroma,MR1(b),MR1(b),palmata,Medina-Valmaseda et al. 2025,Medina-Valmaseda et al. 2025,U-Th,0.7088,2021,0.6378,0.0199,,,,,,yes,<Flags(allows_duplicate_labels=True)>,,,,yes
Punta Maroma,SURF12(e),SURF12(e),Other Species,Medina-Valmaseda et al. 2025,Medina-Valmaseda et al. 2025,U-Th,0.9593,2021,0.8883,0.0097,,,,,,yes,<Flags(allows_duplicate_labels=True)>,,,,no
Punta Maroma,SURF24(a),SURF24(a),Other Species,Medina-Valmaseda et al. 2025,Medina-Valmaseda et al. 2025,U-Th,0.96577,2021,0.89477,0.03891,,,,,,yes,<Flags(allows_duplicate_labels=True)>,,,,no
Punta Maroma,SURF3(a),SURF3(a),Other Species,Medina-Valmaseda et al. 2025,Medina-Valmaseda et al. 2025,U-Th,1.01775,2021,0.94675,0.01958,,,,,,yes,<Flags(allows_duplicate_labels=True)>,,,,no
Punta Maroma,SURF10(e),SURF3(e),Other Species,Medina-Valmaseda et al. 2025,Medina-Valmaseda et al. 2025,U-Th,1.04254,2021,0.97154,0.02986,,,,,,yes,<Flags(allows_duplicate_labels=True)>,,,,no
Punta Maroma,SURF10(b),SURF10(b),Other Species,Medina-Valmaseda et al. 2025,Medina-Valmaseda et al. 2025,U-Th,1.13144,2021,1.06044,0.02023,,,,,,yes,<Flags(allows_duplicate_labels=True)>,,,,no
Punta Maroma,SURF3(c),SURF3(c),Other Species,Medina-Valmaseda et al. 2025,Medina-Valmaseda et al. 2025,U-Th,1.34427,2021,1.27327,0.03962,,,,,,yes,<Flags(allows_duplicate_labels=True)>,,,,no
Punta Maroma,SURF1(b),SURF1(b),palmata,Medina-Valmaseda et al. 2025,Medina-Valmaseda et al. 2025,U-Th,1.45308,2021,1.38208,0.02078,,,,,,yes,<Flags(allows_duplicate_labels=True)>,,,,yes
Punta Maroma,M6,M6,Other Species,Medina-Valmaseda et al. 2025,Medina-Valmaseda et al. 2025,U-Th,1.7683,2021,1.6973,0.032,,,,,,yes,<Flags(allows_duplicate_labels=True)>,,,,no
Punta Maroma,F3-1,F3-1,palmata,Blanchon et al. 2017,Medina-Valmaseda et al. 2025,U-Th,1.81,1950,1.81,0.02,,,,,,yes,<Flags(allows_duplicate_labels=True)>,,,,yes
Punta Maroma,MA1,MA1,Other Species,Medina-Valmaseda et al. 2025,Medina-Valmaseda et al. 2025,U-Th,1.8327,2021,1.7617,0.0242,,,,,,yes,<Flags(allows_duplicate_labels=True)>,,,,no
Punta Maroma,MR4(c),MR4(c),Other Species,Medina-Valmaseda et al. 2025,Medina-Valmaseda et al. 2025,U-Th,1.8597,2021,1.7887,0.0115,,,,,,yes,<Flags(allows_duplicate_labels=True)>,,,,no
Punta Maroma,SURF1(e),SURF1(e),palmata,Medina-Valmaseda et al. 2025,Medina-Valmaseda et al. 2025,U-Th,1.97981,2021,1.90881,0.02928,,,,,,yes,<Flags(allows_duplicate_labels=True)>,,,,yes
Punta Maroma,SURF1(d),SURF1(d),palmata,Medina-Valmaseda et al. 2025,Medina-Valmaseda et al. 2025,U-Th,2.03162,2021,1.96062,0.02421,,,,,,yes,<Flags(allows_duplicate_labels=True)>,,,,yes
Punta Maroma,SURF17(a),SURF17(a),palmata,Medina-Valmaseda et al. 2025,Medina-Valmaseda et al. 2025,U-Th,2.06147,2021,1.99047,0.03105,,,,,,yes,<Flags(allows_duplicate_labels=True)>,,,,yes
Punta Maroma,M2(a),M2(a),palmata,Medina-Valmaseda et al. 2025,Medina-Valmaseda et al. 2025,U-Th,2.1322,2021,2.0612,0.0368,,,,,,yes,<Flags(allows_duplicate_labels=True)>,,,,yes
Punta Maroma,SURF1(a),SURF1(a),palmata,Medina-Valmaseda et al. 2025,Medina-Valmaseda et al. 2025,U-Th,2.18223,2021,2.11123,0.04186,,,,,,yes,<Flags(allows_duplicate_labels=True)>,,,,yes
Punta Maroma,SURF17(b),SURF17(b),Other Species,Medina-Valmaseda et al. 2025,Medina-Valmaseda et al. 2025,U-Th,2.26901,2021,2.19801,0.03241,,,,,,yes,<Flags(allows_duplicate_labels=True)>,,,,no
Punta Maroma,F12-1,F12-1,palmata,Blanchon et al. 2017,Medina-Valmaseda et al. 2025,U-Th,2.43,1950,2.43,0.02,,,,,,yes,<Flags(allows_duplicate_labels=True)>,,,,yes
Punta Maroma,M9(b),M9(b),palmata,Medina-Valmaseda et al. 2025,Medina-Valmaseda et al. 2025,U-Th,2.4453,2021,2.3743,0.044,,,,,,yes,<Flags(allows_duplicate_labels=True)>,,,,yes
Punta Maroma,SURF5(b),SURF5(b),Other Species,Medina-Valmaseda et al. 2025,Medina-Valmaseda et al. 2025,U-Th,2.46195,2021,2.39095,0.03961,,,,,,yes,<Flags(allows_duplicate_labels=True)>,,,,no
Punta Maroma,SURF12(c),SURF12(c),palmata,Medina-Valmaseda et al. 2025,Medina-Valmaseda et al. 2025,U-Th,2.47161,2021,2.40061,0.04041,,,,,,yes,<Flags(allows_duplicate_labels=True)>,,,,yes
Punta Maroma,SURF22(a),SURF22(a),Other Species,Medina-Valmaseda et al. 2025,Medina-Valmaseda et al. 2025,U-Th,2.69516,2021,2.62416,0.02965,,,,,,yes,<Flags(allows_duplicate_labels=True)>,,,,no
Punta Maroma,MA3,MA3,palmata,Medina-Valmaseda et al. 2025,Medina-Valmaseda et al. 2025,U-Th,2.884,2021,2.813,0.0223,,,,,,yes,<Flags(allows_duplicate_labels=True)>,,,,yes
Punta Maroma,F10-1,F10-1,palmata,Blanchon et al. 2017,Medina-Valmaseda et al. 2025,U-Th,2.93,1950,2.93,0.03,,,,,,yes,<Flags(allows_duplicate_labels=True)>,,,,yes
Punta Maroma,MR5,MR5,palmata,Medina-Valmaseda et al. 2025,Medina-Valmaseda et al. 2025,U-Th,3.0433,2021,2.9723,0.0307,,,,,,yes,<Flags(allows_duplicate_labels=True)>,,,,yes
Punta Maroma,MR3(a),MR3(a),palmata,Medina-Valmaseda et al. 2025,Medina-Valmaseda et al. 2025,U-Th,3.1609,2021,3.0899,0.02,,,,,,yes,<Flags(allows_duplicate_labels=True)>,,,,yes
Punta Maroma,MR1(c),MR1(c),palmata,Medina-Valmaseda et al. 2025,Medina-Valmaseda et al. 2025,U-Th,3.1941,2021,3.1231,0.0373,,,,,,yes,<Flags(allows_duplicate_labels=True)>,,,,yes
Punta Maroma,SURF22(e),SURF22(e),palmata,Medina-Valmaseda et al. 2025,Medina-Valmaseda et al. 2025,U-Th,3.23383,2021,3.16283,0.07142,,,,,,yes,<Flags(allows_duplicate_labels=True)>,,,,yes
Punta Maroma,MR7(a),MR7(a),palmata,Medina-Valmaseda et al. 2025,Medina-Valmaseda et al. 2025,U-Th,3.2713,2021,3.2003,0.0268,,,,,,yes,<Flags(allows_duplicate_labels=True)>,,,,yes
Punta Maroma,SURF9(b),SURF9(b),palmata,Medina-Valmaseda et al. 2025,Medina-Valmaseda et al. 2025,U-Th,3.28179,2021,3.21079,0.04077,,,,,,yes,<Flags(allows_duplicate_labels=True)>,,,,yes
Punta Maroma,SURF9(a),SURF9(a),Other Species,Medina-Valmaseda et al. 2025,Medina-Valmaseda et al. 2025,U-Th,3.32376,2021,3.25276,0.03569,,,,,,yes,<Flags(allows_duplicate_labels=True)>,,,,no
Punta Maroma,MR13.4,MR13.4,palmata,Medina-Valmaseda et al. 2025,Medina-Valmaseda et al. 2025,U-Th,3.3474,2021,3.2764,0.0384,,,,,,yes,<Flags(allows_duplicate_labels=True)>,,,,yes
Punta Maroma,M5(b),M5(b),palmata,Medina-Valmaseda et al. 2025,Medina-Valmaseda et al. 2025,U-Th,3.429,2021,3.358,0.0299,,,,,,yes,<Flags(allows_duplicate_labels=True)>,,,,yes
Punta Maroma,M3(b),M3(b),Other Species,Medina-Valmaseda et al. 2025,Medina-Valmaseda et al. 2025,U-Th,3.5227,2021,3.4517,0.0205,,,,,,yes,<Flags(allows_duplicate_labels=True)>,,,,no
Punta Maroma,MR10,MR10,palmata,Medina-Valmaseda et al. 2025,Medina-Valmaseda et al. 2025,U-Th,3.5433,2021,3.4723,0.0213,,,,,,yes,<Flags(allows_duplicate_labels=True)>,,,,yes
Punta Maroma,SURF8(a),SURF8(a),palmata,Medina-Valmaseda et al. 2025,Medina-Valmaseda et al. 2025,U-Th,3.61232,2021,3.54132,0.03011,,,,,,yes,<Flags(allows_duplicate_labels=True)>,,,,yes
Punta Maroma,MA4(a),MA4(a),palmata,Medina-Valmaseda et al. 2025,Medina-Valmaseda et al. 2025,U-Th,3.6236,2021,3.5526,0.0226,,,,,,yes,<Flags(allows_duplicate_labels=True)>,,,,yes
Punta Maroma,MR11(a),MR11(a),palmata,Medina-Valmaseda et al. 2025,Medina-Valmaseda et al. 2025,U-Th,3.6672,2021,3.5962,0.0332,,,,,,yes,<Flags(allows_duplicate_labels=True)>,,,,yes
Punta Maroma,SURF15(a),SURF15(a),palmata,Medina-Valmaseda et al. 2025,Medina-Valmaseda et al. 2025,U-Th,3.69498,2021,3.62398,0.07769,,,,,,yes,<Flags(allows_duplicate_labels=True)>,,,,yes
Punta Maroma,F4-1,F4-1,palmata,Blanchon et al. 2017,Medina-Valmaseda et al. 2025,U-Th,3.7,1950,3.7,0.07,,,,,,yes,<Flags(allows_duplicate_labels=True)>,,,,yes
Punta Maroma,SURF11(b),SURF11(b),palmata,Medina-Valmaseda et al. 2025,Medina-Valmaseda et al. 2025,U-Th,3.70903,2021,3.63803,0.02793,,,,,,yes,<Flags(allows_duplicate_labels=True)>,,,,yes
Punta Maroma,M5(b),M5(b),palmata,Medina-Valmaseda et al. 2025,Medina-Valmaseda et al. 2025,U-Th,3.7618,2021,3.6908,0.0216,,,,,,yes,<Flags(allows_duplicate_labels=True)>,,,,yes
Punta Maroma,MR2(a),MR2(a),Other Species,Medina-Valmaseda et al. 2025,Medina-Valmaseda et al. 2025,U-Th,3.7759,2021,3.7049,0.0244,,,,,,yes,<Flags(allows_duplicate_labels=True)>,,,,no
Punta Maroma,MR6(a),MR6(a),palmata,Medina-Valmaseda et al. 2025,Medina-Valmaseda et al. 2025,U-Th,3.8038,2021,3.7328,0.0209,,,,,,yes,<Flags(allows_duplicate_labels=True)>,,,,yes
Punta Maroma,SURF22(d),SURF22(d),palmata,Medina-Valmaseda et al. 2025,Medina-Valmaseda et al. 2025,U-Th,3.83756,2021,3.76656,0.05795,,,,,,yes,<Flags(allows_duplicate_labels=True)>,,,,yes
Punta Maroma,SURF20(b),SURF20(b),palmata,Medina-Valmaseda et al. 2025,Medina-Valmaseda et al. 2025,U-Th,3.96145,2021,3.89045,0.05368,,,,,,yes,<Flags(allows_duplicate_labels=True)>,,,,yes
Punta Maroma,SURF8(b),SURF8(b),Other Species,Medina-Valmaseda et al. 2025,Medina-Valmaseda et al. 2025,U-Th,4.06057,2021,3.98957,0.04477,,,,,,yes,<Flags(allows_duplicate_labels=True)>,,,,no
Punta Maroma,SURF12(b),SURF12(b),palmata,Medina-Valmaseda et al. 2025,Medina-Valmaseda et al. 2025,U-Th,4.07292,2021,4.00192,0.07965,,,,,,yes,<Flags(allows_duplicate_labels=True)>,,,,yes
Punta Maroma,F6-B,F6-B,palmata,Blanchon et al. 2017,Medina-Valmaseda et al. 2025,U-Th,4.1,1950,4.1,0.02,,,,,,yes,<Flags(allows_duplicate_labels=True)>,,,,yes
Punta Maroma,F8-1,F8-1,palmata,Blanchon et al. 2017,Medina-Valmaseda et al. 2025,U-Th,4.24,1950,4.24,0.03,,,,,,yes,<Flags(allows_duplicate_labels=True)>,,,,yes
Punta Maroma,F6-T,F6-T,palmata,Blanchon et al. 2017,Medina-Valmaseda et al. 2025,U-Th,4.3,1950,4.3,0.04,,,,,,yes,<Flags(allows_duplicate_labels=True)>,,,,yes
Punta Maroma,F11-1,F11-1,palmata,Blanchon et al. 2017,Medina-Valmaseda et al. 2025,U-Th,4.5,1950,4.5,0.03,,,,,,yes,<Flags(allows_duplicate_labels=True)>,,,,yes
Punta Maroma,F5-1,F5-1,palmata,Blanchon et al. 2017,Medina-Valmaseda et al. 2025,U-Th,4.54,1950,4.54,0.11,,,,,,yes,<Flags(allows_duplicate_labels=True)>,,,,yes
Punta Maroma,MA5(b),MA5(b),Other Species,Medina-Valmaseda et al. 2025,Medina-Valmaseda et al. 2025,U-Th,4.6136,2021,4.5426,0.0205,,,,,,yes,<Flags(allows_duplicate_labels=True)>,,,,no
Punta Maroma,F9-B,F9-B,palmata,Blanchon et al. 2017,Medina-Valmaseda et al. 2025,U-Th,4.68,1950,4.68,0.04,,,,,,yes,<Flags(allows_duplicate_labels=True)>,,,,yes
Punta Maroma,F7-B,F7-B,palmata,Blanchon et al. 2017,Medina-Valmaseda et al. 2025,U-Th,4.95,1950,4.95,0.04,,,,,,yes,<Flags(allows_duplicate_labels=True)>,,,,yes
Punta Maroma,F7-T,F7-T,palmata,Blanchon et al. 2017,Medina-Valmaseda et al. 2025,U-Th,4.97,1950,4.97,0.04,,,,,,yes,<Flags(allows_duplicate_labels=True)>,,,,yes
Punta Maroma,F9-T,F9-T,palmata,Blanchon et al. 2017,Medina-Valmaseda et al. 2025,U-Th,5.46,1950,5.46,0.03,,,,,,yes,<Flags(allows_duplicate_labels=True)>,,,,yes
Saint Croix,BI3-05,BI3-05,Other Species,Hubbard et al. 2005,Hubbard et al. 2005; 2013,14C,0.15,1950,0.053,0.106,540.0,60.0,64.0,32.0,Marine20,yes,<Flags(allows_duplicate_labels=True)>,,,,no
Saint Croix,BI6-6,BI6-6,Other Species,Hubbard et al. 2005,Hubbard et al. 2005; 2013,14C,0.25,1950,0.059,0.1115,590.0,50.0,64.0,32.0,Marine20,yes,<Flags(allows_duplicate_labels=True)>,,,,no
Saint Croix,BI?-2,BI?-2,palmata,Hubbard et al. 2005,Hubbard et al. 2005; 2013,14C,0.265,1950,0.073,0.12,620.0,60.0,64.0,32.0,Marine20,yes,<Flags(allows_duplicate_labels=True)>,,,,yes
Saint Croix,HSX 2,HSX 2,palmata,Hubbard et al. 2005,Hubbard et al. 2005; 2013,14C,0.285,1950,0.089,0.1275,660.0,60.0,64.0,32.0,Marine20,yes,<Flags(allows_duplicate_labels=True)>,,,,yes
Saint Croix,BI?-7,BI?-7,Other Species,Hubbard et al. 2005,Hubbard et al. 2005; 2013,14C,0.4,1950,0.148,0.163,750.0,60.0,64.0,32.0,Marine20,yes,<Flags(allows_duplicate_labels=True)>,,,,no
Saint Croix,HSX-1,HSX-1,palmata,Hubbard et al. 2005,Hubbard et al. 2005; 2013,14C,0.865,1950,0.644,0.1595,1310.0,60.0,64.0,32.0,Marine20,yes,<Flags(allows_duplicate_labels=True)>,,,,yes
Saint Croix,BI5-12,BI5-12,palmata,Hubbard et al. 2005,Hubbard et al. 2005; 2013,14C,0.97,1950,0.775,0.1805,1450.0,70.0,64.0,32.0,Marine20,yes,<Flags(allows_duplicate_labels=True)>,,,,yes
Saint Croix,BI5-24,BI5-24,palmata,Hubbard et al. 2005,Hubbard et al. 2005; 2013,14C,1.045,1950,0.829,0.187,1510.0,70.0,64.0,32.0,Marine20,yes,<Flags(allows_duplicate_labels=True)>,,,,yes
Saint Croix,BI5-22,BI5-22,palmata,Hubbard et al. 2005,Hubbard et al. 2005; 2013,14C,1.075,1950,0.856,0.1805,1540.0,60.0,64.0,32.0,Marine20,yes,<Flags(allows_duplicate_labels=True)>,,,,yes
Saint Croix,BB1-02,BB1-2,palmata,Hubbard et al. 2005,Hubbard et al. 2005; 2013,14C,1.18,1950,0.955,0.206,1630.0,70.0,64.0,32.0,Marine20,yes,<Flags(allows_duplicate_labels=True)>,,,,yes
Saint Croix,BB1-2,BB1-2,palmata,Hubbard et al. 2005,Hubbard et al. 2005; 2013,14C,1.18,1950,0.955,0.206,1630.0,70.0,64.0,32.0,Marine20,no,<Flags(allows_duplicate_labels=True)>,,,,no
Saint Croix,BI2-16,BI2-16,palmata,Hubbard et al. 2005,Hubbard et al. 2005; 2013,14C,1.345,1950,1.16,0.1775,1830.0,60.0,64.0,32.0,Marine20,yes,<Flags(allows_duplicate_labels=True)>,,,,yes
Saint Croix,BI5-40,BI5-40,Other Species,Hubbard et al. 2005,Hubbard et al. 2005; 2013,14C,1.555,1950,1.355,0.197,2020.0,70.0,64.0,32.0,Marine20,yes,<Flags(allows_duplicate_labels=True)>,,,,no
Saint Croix,BB2-013,BB2-013,palmata,Hubbard et al. 2013,Hubbard et al. 2005; 2013,14C,1.682,1950,1.438,0.1495,2106.0,30.0,64.0,32.0,Marine20,yes,<Flags(allows_duplicate_labels=True)>,,,,yes
Saint Croix,BI2-01**,BI2-01**,palmata,Hubbard et al. 2005,Hubbard et al. 2005; 2013,14C,1.74,1950,1.516,0.2055,2175.0,70.0,64.0,32.0,Marine20,yes,<Flags(allows_duplicate_labels=True)>,,,,yes
Saint Croix,BI2-05**,BI2-05**,palmata,Hubbard et al. 2005,Hubbard et al. 2005; 2013,14C,1.78,1950,1.671,0.226,2310.0,70.0,64.0,32.0,Marine20,no,<Flags(allows_duplicate_labels=True)>,,,,no
Saint Croix,BI2-05,BI2-05,palmata,Hubbard et al. 2005,Hubbard et al. 2005; 2013,14C,1.84,1950,1.641,0.1975,2284.0,53.0,64.0,32.0,Marine20,yes,<Flags(allows_duplicate_labels=True)>,,,,yes
Saint Croix,BB1-11,BB1-11,palmata,Hubbard et al. 2005,Hubbard et al. 2005; 2013,14C,2.005,1950,1.781,0.227,2400.0,70.0,64.0,32.0,Marine20,yes,<Flags(allows_duplicate_labels=True)>,,,,yes
Saint Croix,BB1-11,BB1-11,palmata,Hubbard et al. 2005,Hubbard et al. 2005; 2013,14C,2.005,1950,1.781,0.227,2400.0,70.0,64.0,32.0,Marine20,no,<Flags(allows_duplicate_labels=True)>,,,,no
Saint Croix,BI2-27**,BI2-27**,Other Species,Hubbard et al. 2005,Hubbard et al. 2005; 2013,14C,2.225,1950,2.217,0.2295,2755.0,65.0,64.0,32.0,Marine20,yes,<Flags(allows_duplicate_labels=True)>,,,,no
Saint Croix,BI7-20,BI7-20,Other Species,Hubbard et al. 2005,Hubbard et al. 2005; 2013,14C,2.305,1950,2.054,0.2485,2620.0,80.0,64.0,32.0,Marine20,yes,<Flags(allows_duplicate_labels=True)>,,,,no
Saint Croix,BI2-27,BI2-27,Other Species,Hubbard et al. 2005,Hubbard et al. 2005; 2013,14C,2.725,1950,2.475,0.23,2950.0,70.0,64.0,32.0,Marine20,yes,<Flags(allows_duplicate_labels=True)>,,,,no
Saint Croix,BI7-29,BI7-29,Other Species,Hubbard et al. 2005,Hubbard et al. 2005; 2013,14C,2.84,1950,2.632,0.2295,3090.0,70.0,64.0,32.0,Marine20,yes,<Flags(allows_duplicate_labels=True)>,,,,no
Saint Croix,BB2-023,BB2-023,Other Species,Hubbard et al. 2013,Hubbard et al. 2005; 2013,14C,2.92,1950,2.697,0.237,3139.0,70.0,64.0,32.0,Marine20,yes,<Flags(allows_duplicate_labels=True)>,,,,no
Saint Croix,BI1-02**,BI1-02**,palmata,Hubbard et al. 2005,Hubbard et al. 2005; 2013,14C,3.32,1950,3.056,0.2395,3440.0,70.0,64.0,32.0,Marine20,yes,<Flags(allows_duplicate_labels=True)>,,,,yes
Saint Croix,BI4-02,BI4-02,Other Species,Hubbard et al. 2005,Hubbard et al. 2005; 2013,14C,3.365,1950,3.132,0.2185,3500.0,60.0,64.0,32.0,Marine20,yes,<Flags(allows_duplicate_labels=True)>,,,,no
Saint Croix,BI1-13,BI1-13,palmata,Hubbard et al. 2005,Hubbard et al. 2005; 2013,14C,3.39,1950,3.757,0.2675,4010.0,80.0,64.0,32.0,Marine20,yes,<Flags(allows_duplicate_labels=True)>,,,,yes
Saint Croix,BB2-033,BB2-033,Other Species,Hubbard et al. 2013,Hubbard et al. 2005; 2013,14C,3.84,1950,3.591,0.202,3880.0,50.0,64.0,32.0,Marine20,yes,<Flags(allows_duplicate_labels=True)>,,,,no
Saint Croix,BI5-62,BI5-62,Other Species,Hubbard et al. 2005,Hubbard et al. 2005; 2013,14C,4.21,1950,3.944,0.272,4150.0,80.0,64.0,32.0,Marine20,yes,<Flags(allows_duplicate_labels=True)>,,,,no
Saint Croix,BI2-43,BI2-43,Other Species,Hubbard et al. 2005,Hubbard et al. 2005; 2013,14C,4.305,1950,4.037,0.3525,4220.0,120.0,64.0,32.0,Marine20,yes,<Flags(allows_duplicate_labels=True)>,,,,no
Saint Croix,BI3-37,BI3-37,Other Species,Hubbard et al. 2005,Hubbard et al. 2005; 2013,14C,4.495,1950,4.235,0.289,4370.0,90.0,64.0,32.0,Marine20,yes,<Flags(allows_duplicate_labels=True)>,,,,no
Saint Croix,BI1-24,BI1-24,palmata,Hubbard et al. 2005,Hubbard et al. 2005; 2013,14C,4.57,1950,4.326,0.322,4440.0,100.0,64.0,32.0,Marine20,yes,<Flags(allows_duplicate_labels=True)>,,,,yes
Saint Croix,BB2-043,BB2-043,palmata,Hubbard et al. 2013,Hubbard et al. 2005; 2013,14C,4.795,1950,4.513,0.216,4579.0,40.0,64.0,32.0,Marine20,yes,<Flags(allows_duplicate_labels=True)>,,,,yes
Saint Croix,LBE6-06,LBE6-06,Other Species,Hubbard et al. 2013,Hubbard et al. 2005; 2013,14C,4.86,1950,4.587,0.2915,4637.0,100.0,64.0,32.0,Marine20,yes,<Flags(allows_duplicate_labels=True)>,,,,no
Saint Croix,LBE7-02,LBE7-02,palmata,Hubbard et al. 2013,Hubbard et al. 2005; 2013,14C,5.035,1950,4.746,0.268,4771.0,80.0,64.0,32.0,Marine20,yes,<Flags(allows_duplicate_labels=True)>,,,,yes
Saint Croix,BI4-14,BI4-14,palmata,Hubbard et al. 2005,Hubbard et al. 2005; 2013,14C,5.19,1950,4.87,0.2705,4860.0,70.0,64.0,32.0,Marine20,yes,<Flags(allows_duplicate_labels=True)>,,,,yes
Saint Croix,BI2-50,BI2-50,palmata,Hubbard et al. 2005,Hubbard et al. 2005; 2013,14C,5.27,1950,4.961,0.271,4930.0,80.0,64.0,32.0,Marine20,yes,<Flags(allows_duplicate_labels=True)>,,,,yes
Saint Croix,LBE6-18,LBE6-18,Other Species,Hubbard et al. 2013,Hubbard et al. 2005; 2013,14C,5.54,1950,5.273,0.236,5183.0,65.0,64.0,32.0,Marine20,yes,<Flags(allows_duplicate_labels=True)>,,,,no
Saint Croix,BI3-49,BI3-49,Other Species,Hubbard et al. 2005,Hubbard et al. 2005; 2013,14C,5.665,1950,5.425,0.209,5320.0,70.0,64.0,32.0,Marine20,yes,<Flags(allows_duplicate_labels=True)>,,,,no
Saint Croix,A1-011,A1-011,Other Species,Hubbard et al. 2013,Hubbard et al. 2005; 2013,14C,5.77,1950,5.507,0.1895,5399.0,55.0,64.0,32.0,Marine20,yes,<Flags(allows_duplicate_labels=True)>,,,,no
Saint Croix,LBS4-08,LBS4-08,Other Species,Hubbard et al. 2013,Hubbard et al. 2005; 2013,14C,5.865,1950,5.61,0.2025,5493.0,55.0,64.0,32.0,Marine20,yes,<Flags(allows_duplicate_labels=True)>,,,,no
Saint Croix,LBS4-04,LBS4-04,palmata,Hubbard et al. 2013,Hubbard et al. 2005; 2013,14C,5.885,1950,5.631,0.218,5511.0,70.0,64.0,32.0,Marine20,yes,<Flags(allows_duplicate_labels=True)>,,,,yes
Saint Croix,LBE5-18,LBE5-18,Other Species,Hubbard et al. 2013,Hubbard et al. 2005; 2013,14C,5.91,1950,5.653,0.2425,5531.0,90.0,64.0,32.0,Marine20,yes,<Flags(allows_duplicate_labels=True)>,,,,no
Saint Croix,LBE7-18,LBE7-18,palmata,Hubbard et al. 2013,Hubbard et al. 2005; 2013,14C,5.93,1950,5.669,0.2145,5547.0,75.0,64.0,32.0,Marine20,yes,<Flags(allows_duplicate_labels=True)>,,,,yes
Saint Croix,A2-012,A2-012,Other Species,Hubbard et al. 2013,Hubbard et al. 2005; 2013,14C,6.06,1950,5.788,0.219,5663.0,75.0,64.0,32.0,Marine20,yes,<Flags(allows_duplicate_labels=True)>,,,,no
Saint Croix,LBE6-30,LBE6-30,palmata,Hubbard et al. 2013,Hubbard et al. 2005; 2013,14C,6.08,1950,5.811,0.2665,5684.0,100.0,64.0,32.0,Marine20,yes,<Flags(allows_duplicate_labels=True)>,,,,yes
Saint Croix,LBE5-12,LBE5-12,Other Species,Hubbard et al. 2013,Hubbard et al. 2005; 2013,14C,6.13,1950,5.863,0.252,5732.0,85.0,64.0,32.0,Marine20,yes,<Flags(allows_duplicate_labels=True)>,,,,no
Saint Croix,BI4-21**,BI4-21**,Other Species,Hubbard et al. 2005,Hubbard et al. 2005; 2013,14C,6.18,1950,5.897,0.246,5760.0,80.0,64.0,32.0,Marine20,yes,<Flags(allows_duplicate_labels=True)>,,,,no
Saint Croix,LBN1-06,LBN1-06,Other Species,Hubbard et al. 2013,Hubbard et al. 2005; 2013,14C,6.215,1950,5.951,0.2325,5805.0,75.0,64.0,32.0,Marine20,yes,<Flags(allows_duplicate_labels=True)>,,,,no
Saint Croix,LBE5-25,LBE5-25,Other Species,Hubbard et al. 2013,Hubbard et al. 2005; 2013,14C,6.25,1950,5.991,0.2515,5841.0,90.0,64.0,32.0,Marine20,yes,<Flags(allows_duplicate_labels=True)>,,,,no
Saint Croix,LBE8-02,LBE8-02,palmata,Hubbard et al. 2013,Hubbard et al. 2005; 2013,14C,6.35,1950,6.09,0.207,5937.0,75.0,64.0,32.0,Marine20,yes,<Flags(allows_duplicate_labels=True)>,,,,no
Saint Croix,LBE9-03,LBE9-03,palmata,Hubbard et al. 2013,Hubbard et al. 2005; 2013,14C,6.35,1950,6.09,0.207,5937.0,75.0,64.0,32.0,Marine20,yes,<Flags(allows_duplicate_labels=True)>,,,,no
Saint Croix,A1-022,A1-022,Other Species,Hubbard et al. 2013,Hubbard et al. 2005; 2013,14C,6.39,1950,6.142,0.177,5986.0,45.0,64.0,32.0,Marine20,yes,<Flags(allows_duplicate_labels=True)>,,,,no
Saint Croix,LBS3-03,LBS3-03,palmata,Hubbard et al. 2013,Hubbard et al. 2005; 2013,14C,6.43,1950,6.169,0.239,6014.0,90.0,64.0,32.0,Marine20,yes,<Flags(allows_duplicate_labels=True)>,,,,no
Saint Croix,A1-041,A1-041,Other Species,Hubbard et al. 2013,Hubbard et al. 2005; 2013,14C,6.44,1950,6.18,0.2335,6024.0,85.0,64.0,32.0,Marine20,yes,<Flags(allows_duplicate_labels=True)>,,,,no
Saint Croix,LBN1-19,LBN1-19,Other Species,Hubbard et al. 2013,Hubbard et al. 2005; 2013,14C,6.46,1950,6.197,0.26,6040.0,100.0,64.0,32.0,Marine20,yes,<Flags(allows_duplicate_labels=True)>,,,,no
Saint Croix,A1-032,A1-032,Other Species,Hubbard et al. 2013,Hubbard et al. 2005; 2013,14C,6.476,1950,6.218,0.2155,6058.0,70.0,64.0,32.0,Marine20,yes,<Flags(allows_duplicate_labels=True)>,,,,no
Saint Croix,LBS4-14,LBS4-14,Other Species,Hubbard et al. 2013,Hubbard et al. 2005; 2013,14C,6.52,1950,6.261,0.2055,6097.0,60.0,64.0,32.0,Marine20,yes,<Flags(allows_duplicate_labels=True)>,,,,no
Saint Croix,LBE5-53,LBE5-53,Other Species,Hubbard et al. 2013,Hubbard et al. 2005; 2013,14C,6.59,1950,6.332,0.2235,6163.0,75.0,64.0,32.0,Marine20,yes,<Flags(allows_duplicate_labels=True)>,,,,no
Saint Croix,LBE7-54,LBE7-54,palmata,Hubbard et al. 2013,Hubbard et al. 2005; 2013,14C,6.615,1950,6.354,0.2225,6185.0,75.0,64.0,32.0,Marine20,yes,<Flags(allows_duplicate_labels=True)>,,,,no
Saint Croix,LBN2-05,LBN2-05,palmata,Hubbard et al. 2013,Hubbard et al. 2005; 2013,14C,6.625,1950,6.363,0.2295,6193.0,80.0,64.0,32.0,Marine20,yes,<Flags(allows_duplicate_labels=True)>,,,,no
Saint Croix,LBE6-39,LBE6-39,Other Species,Hubbard et al. 2013,Hubbard et al. 2005; 2013,14C,6.635,1950,6.372,0.227,6202.0,80.0,64.0,32.0,Marine20,yes,<Flags(allows_duplicate_labels=True)>,,,,no
Saint Croix,A2-022,A2-022,Other Species,Hubbard et al. 2013,Hubbard et al. 2005; 2013,14C,6.635,1950,6.373,0.2825,6201.0,110.0,64.0,32.0,Marine20,yes,<Flags(allows_duplicate_labels=True)>,,,,no
Saint Croix,LBE8-22,LBE8-22,palmata,Hubbard et al. 2013,Hubbard et al. 2005; 2013,14C,6.675,1950,6.406,0.2155,6235.0,75.0,64.0,32.0,Marine20,yes,<Flags(allows_duplicate_labels=True)>,,,,no
Saint Croix,LBE5-66,LBE5-66,palmata,Hubbard et al. 2013,Hubbard et al. 2005; 2013,14C,6.74,1950,6.465,0.2165,6291.0,75.0,64.0,32.0,Marine20,yes,<Flags(allows_duplicate_labels=True)>,,,,no
Saint Croix,BI1-40,BI1-40,Other Species,Hubbard et al. 2005,Hubbard et al. 2005; 2013,14C,6.775,1950,6.507,0.2275,6330.0,80.0,64.0,32.0,Marine20,yes,<Flags(allows_duplicate_labels=True)>,,,,no
Saint Croix,LBN2-18,LBN2-18,palmata,Hubbard et al. 2013,Hubbard et al. 2005; 2013,14C,7.05,1950,6.745,0.232,6541.0,70.0,64.0,32.0,Marine20,yes,<Flags(allows_duplicate_labels=True)>,,,,no
Saint Croix,LBE9-12,LBE9-12,Other Species,Hubbard et al. 2013,Hubbard et al. 2005; 2013,14C,7.07,1950,6.771,0.26,6563.0,85.0,64.0,32.0,Marine20,yes,<Flags(allows_duplicate_labels=True)>,,,,no
Saint Croix,LBE8-36,LBE8-36,palmata,Hubbard et al. 2013,Hubbard et al. 2005; 2013,14C,7.07,1950,6.767,0.241,6560.0,75.0,64.0,32.0,Marine20,yes,<Flags(allows_duplicate_labels=True)>,,,,no
Saint Croix,LBE9-19,LBE9-19,Other Species,Hubbard et al. 2013,Hubbard et al. 2005; 2013,14C,7.145,1950,6.833,0.2055,6619.0,50.0,64.0,32.0,Marine20,yes,<Flags(allows_duplicate_labels=True)>,,,,no
Saint Croix,BI4-39,BI4-39,Other Species,Hubbard et al. 2005,Hubbard et al. 2005; 2013,14C,7.175,1950,6.905,0.2555,6680.0,90.0,64.0,32.0,Marine20,yes,<Flags(allows_duplicate_labels=True)>,,,,no
Saint Croix,LBN2-41,LBN2-41,palmata,Hubbard et al. 2013,Hubbard et al. 2005; 2013,14C,7.18,1950,6.878,0.233,6657.0,70.0,64.0,32.0,Marine20,yes,<Flags(allows_duplicate_labels=True)>,,,,no
Saint Croix,LBN2-30,LBN2-30,palmata,Hubbard et al. 2013,Hubbard et al. 2005; 2013,14C,7.255,1950,6.959,0.2055,6726.0,55.0,64.0,32.0,Marine20,yes,<Flags(allows_duplicate_labels=True)>,,,,no
Saint Croix,LBS4-21,LBS4-21,Other Species,Hubbard et al. 2013,Hubbard et al. 2005; 2013,14C,7.275,1950,6.985,0.188,6748.0,40.0,64.0,32.0,Marine20,yes,<Flags(allows_duplicate_labels=True)>,,,,no
Saint Croix,LBE8-60,LBE8-60,palmata,Hubbard et al. 2013,Hubbard et al. 2005; 2013,14C,7.31,1950,7.025,0.228,6786.0,75.0,64.0,32.0,Marine20,yes,<Flags(allows_duplicate_labels=True)>,,,,no
Saint Croix,LBS3-11,LBS3-11,Other Species,Hubbard et al. 2013,Hubbard et al. 2005; 2013,14C,7.335,1950,7.057,0.233,6817.0,80.0,64.0,32.0,Marine20,yes,<Flags(allows_duplicate_labels=True)>,,,,no
Saint Croix,LBS3-06,LBS3-06,palmata,Hubbard et al. 2013,Hubbard et al. 2005; 2013,14C,7.375,1950,7.108,0.2545,6867.0,95.0,64.0,32.0,Marine20,yes,<Flags(allows_duplicate_labels=True)>,,,,no
Saint Croix,LBN2-29,LBN2-29,palmata,Hubbard et al. 2013,Hubbard et al. 2005; 2013,U-Th,7.427,1950,7.427,0.07,,,,,,yes,<Flags(allows_duplicate_labels=True)>,,,,no
Saint Croix,A2-32,A2-32,Other Species,Hubbard et al. 2013,Hubbard et al. 2005; 2013,14C,7.495,1950,7.253,0.231,7004.0,90.0,64.0,32.0,Marine20,yes,<Flags(allows_duplicate_labels=True)>,,,,no
Saint Croix,BI1-52,BI1-52,Other Species,Hubbard et al. 2005,Hubbard et al. 2005; 2013,14C,7.51,1950,7.313,0.272,7070.0,120.0,64.0,32.0,Marine20,yes,<Flags(allows_duplicate_labels=True)>,,,,no
Saint Croix,LBN2-39,LBN2-39,palmata,Hubbard et al. 2013,Hubbard et al. 2005; 2013,U-Th,7.563,1950,7.563,0.097,,,,,,yes,<Flags(allows_duplicate_labels=True)>,,,,no
Saint Croix,LBS3-15,LBS3-15,palmata,Hubbard et al. 2013,Hubbard et al. 2005; 2013,14C,7.65,1950,7.428,0.1795,7191.0,70.0,64.0,32.0,Marine20,yes,<Flags(allows_duplicate_labels=True)>,,,,no
Saint Croix,BB1-26,BB1-26,palmata,Hubbard et al. 2005,Hubbard et al. 2005; 2013,14C,7.67,1950,7.499,0.2115,7270.0,90.0,64.0,32.0,Marine20,yes,<Flags(allows_duplicate_labels=True)>,,,,no
Saint Croix,BB1-26,BB1-26,palmata,Hubbard et al. 2005,Hubbard et al. 2005; 2013,14C,7.67,1950,7.499,0.2115,7270.0,90.0,64.0,32.0,Marine20,no,<Flags(allows_duplicate_labels=True)>,,,,no
Saint Croix,LBN2-36,LBN2-36,palmata,Hubbard et al. 2013,Hubbard et al. 2005; 2013,U-Th,7.688,1950,7.688,0.039,,,,,,yes,<Flags(allows_duplicate_labels=True)>,,,,no
Saint Croix,LBN2-35,LBN2-35,palmata,Hubbard et al. 2013,Hubbard et al. 2005; 2013,14C,7.71,1950,7.483,0.209,7252.0,90.0,64.0,32.0,Marine20,yes,<Flags(allows_duplicate_labels=True)>,,,,no
Saint Croix,BB1-23,BB1-23,palmata,Hubbard et al. 2005,Hubbard et al. 2005; 2013,14C,7.757,1950,7.582,0.201,7360.0,80.0,64.0,32.0,Marine20,yes,<Flags(allows_duplicate_labels=True)>,,,,no
Saint Croix,BB1-23,BB1-23,palmata,Hubbard et al. 2005,Hubbard et al. 2005; 2013,14C,7.77,1950,7.582,0.201,7360.0,80.0,64.0,32.0,Marine20,no,<Flags(allows_duplicate_labels=True)>,,,,no
Saint Croix,LBS4-34,LBS4-34,palmata,Hubbard et al. 2013,Hubbard et al. 2005; 2013,14C,7.825,1950,7.593,0.169,7374.0,55.0,64.0,32.0,Marine20,yes,<Flags(allows_duplicate_labels=True)>,,,,no
Saint Croix,A3-011,A3-011,Other Species,Hubbard et al. 2013,Hubbard et al. 2005; 2013,14C,7.86,1950,7.622,0.157,7406.0,40.0,64.0,32.0,Marine20,yes,<Flags(allows_duplicate_labels=True)>,,,,no
Saint Croix,LBE6-56,LBE6-56,Other Species,Hubbard et al. 2013,Hubbard et al. 2005; 2013,14C,8.0,1950,7.763,0.17,7551.0,55.0,64.0,32.0,Marine20,yes,<Flags(allows_duplicate_labels=True)>,,,,no
Saint Croix,LBS4-38,LBS4-38,Other Species,Hubbard et al. 2013,Hubbard et al. 2005; 2013,14C,8.06,1950,7.82,0.183,7610.0,65.0,64.0,32.0,Marine20,yes,<Flags(allows_duplicate_labels=True)>,,,,no
Saint Croix,LBN2-47,LBN2-47,palmata,Hubbard et al. 2013,Hubbard et al. 2005; 2013,U-Th,8.076,1950,8.076,0.08,,,,,,yes,<Flags(allows_duplicate_labels=True)>,,,,no
Saint Croix,LBS3-19,LBS3-19,palmata,Hubbard et al. 2013,Hubbard et al. 2005; 2013,14C,8.105,1950,7.865,0.24,7655.0,95.0,64.0,32.0,Marine20,yes,<Flags(allows_duplicate_labels=True)>,,,,no
Saint Croix,LBE6-58,LBE6-58,Other Species,Hubbard et al. 2013,Hubbard et al. 2005; 2013,14C,8.765,1950,8.531,0.269,8276.0,85.0,64.0,32.0,Marine20,yes,<Flags(allows_duplicate_labels=True)>,,,,no
Saint Croix,LBS3-26,LBS3-26,palmata,Hubbard et al. 2013,Hubbard et al. 2005; 2013,14C,8.89,1950,8.656,0.2195,8377.0,40.0,64.0,32.0,Marine20,yes,<Flags(allows_duplicate_labels=True)>,,,,no
Saint Croix,A3-021,A3-021,palmata,Hubbard et al. 2013,Hubbard et al. 2005; 2013,14C,10.29,1950,10.213,0.1885,9584.0,30.0,64.0,32.0,Marine20,yes,<Flags(allows_duplicate_labels=True)>,,,,no
Belize,BBR 1 (0.000),BBR 1,palmata,Gischler et al. 2023,Gischler et al. 2023,U-Th,0.0,1950,0.0,0.0,,,,,,yes,<Flags(allows_duplicate_labels=True)>,0.0,,,yes
Belize,BBR 6 (0.083),BBR 6,Other species,Gischler et al. 2023,Gischler et al. 2023,U-Th,0.083,1950,0.083,0.004,,,,,,yes,<Flags(allows_duplicate_labels=True)>,0.083,,,no
Belize,GR 1 (0.087),GR 1,palmata,Gischler et al. 2023,Gischler et al. 2023,U-Th,0.087,1950,0.087,0.008,,,,,,yes,<Flags(allows_duplicate_labels=True)>,0.087,,,yes
Belize,BBR 10 (0.099),BBR 10,palmata,Gischler et al. 2023,Gischler et al. 2023,U-Th,0.099,1950,0.099,0.002,,,,,,yes,<Flags(allows_duplicate_labels=True)>,0.099,,,yes
Belize,BBR 7 (0.119),BBR 7,palmata,Gischler et al. 2023,Gischler et al. 2023,U-Th,0.119,1950,0.119,0.005,,,,,,yes,<Flags(allows_duplicate_labels=True)>,0.119,,,yes
Belize,GR 3 (0.120),GR 3,palmata,Gischler et al. 2023,Gischler et al. 2023,U-Th,0.12,1950,0.12,0.007,,,,,,yes,<Flags(allows_duplicate_labels=True)>,0.12,,,yes
Belize,BBR 2 (0.122),BBR 2,palmata,Gischler et al. 2023,Gischler et al. 2023,U-Th,0.122,1950,0.122,0.002,,,,,,yes,<Flags(allows_duplicate_labels=True)>,0.122,,,yes
Belize,LR 10 (0.137),LR 10,palmata,Gischler et al. 2023,Gischler et al. 2023,U-Th,0.137,1950,0.137,0.001,,,,,,yes,<Flags(allows_duplicate_labels=True)>,0.137,,,yes
Belize,BBR 3 (0.147),BBR 3,Other species,Gischler et al. 2023,Gischler et al. 2023,U-Th,0.147,1950,0.147,0.008,,,,,,yes,<Flags(allows_duplicate_labels=True)>,0.147,,,no
Belize,BBR 9 (0.336),BBR 9,palmata,Gischler et al. 2023,Gischler et al. 2023,U-Th,0.336,1950,0.336,0.004,,,,,,yes,<Flags(allows_duplicate_labels=True)>,0.336,,,yes
Belize,BBR 5 (0.645),BBR 5,Other species,Gischler et al. 2023,Gischler et al. 2023,U-Th,0.645,1950,0.645,0.008,,,,,,yes,<Flags(allows_duplicate_labels=True)>,0.645,,,no
Belize,BBR 9 (0.660),BBR 9,palmata,Gischler & Hudson 2004/1998,Gischler et al. 2023,14C,0.66,1950,0.739,0.1695,1100.0,60.0,-248.0,35.0,Marine20,yes,<Flags(allows_duplicate_labels=True)>,0.62,,,yes
Belize,TR 4 (0.870),TR 4,Other species,Gischler & Hudson 2004/1998,Gischler et al. 2023,14C,0.87,1950,0.979,0.173,1340.0,40.0,-248.0,35.0,Marine20,yes,<Flags(allows_duplicate_labels=True)>,0.837,,,no
Belize,BBR 5 (0.990),BBR 5,palmata,Gischler & Hudson 2004/1998,Gischler et al. 2023,14C,0.99,1950,1.061,0.1845,1420.0,60.0,-248.0,35.0,Marine20,yes,<Flags(allows_duplicate_labels=True)>,0.92,,,yes
Belize,BBR 7 (1.035),BBR 7,palmata,Gischler et al. 2023,Gischler et al. 2023,U-Th,1.035,1950,1.035,0.008,,,,,,yes,<Flags(allows_duplicate_labels=True)>,1.035,,,yes
Belize,TR 5 (1.084),TR 5,Other species,Gischler et al. 2023,Gischler et al. 2023,U-Th,1.084,1950,1.084,0.014,,,,,,yes,<Flags(allows_duplicate_labels=True)>,1.084,,,no
Belize,BBR 6 (1.105),BBR 6,palmata,Gischler et al. 2023,Gischler et al. 2023,U-Th,1.105,1950,1.105,0.02,,,,,,yes,<Flags(allows_duplicate_labels=True)>,1.105,,,yes
Belize,TR 5 (1.191),TR 5,Other species,Gischler et al. 2023,Gischler et al. 2023,U-Th,1.191,1950,1.191,0.014,,,,,,yes,<Flags(allows_duplicate_labels=True)>,1.191,,,no
Belize,BBR 2 (1.452),BBR 2,palmata,Gischler et al. 2023,Gischler et al. 2023,U-Th,1.452,1950,1.452,0.041,,,,,,yes,<Flags(allows_duplicate_labels=True)>,1.452,,,yes
Belize,LR 7 (1.464),LR 7,palmata,Gischler et al. 2023,Gischler et al. 2023,U-Th,1.464,1950,1.464,0.014,,,,,,yes,<Flags(allows_duplicate_labels=True)>,1.464,,,yes
Belize,TR 5 (1.470),TR 5,palmata,Gischler & Hudson 2004/1998,Gischler et al. 2023,14C,1.47,1950,1.576,0.2145,1915.0,67.5,-248.0,35.0,Marine20,yes,<Flags(allows_duplicate_labels=True)>,1.432,,,yes
Belize,BBR 8 (1.670),BBR 8,palmata,Gischler et al. 2023,Gischler et al. 2023,U-Th,1.67,1950,1.67,0.013,,,,,,yes,<Flags(allows_duplicate_labels=True)>,1.67,,,yes
Belize,LR 14 (1.797),LR 14,Other species,Gischler et al. 2023,Gischler et al. 2023,U-Th,1.797,1950,1.797,0.016,,,,,,yes,<Flags(allows_duplicate_labels=True)>,1.797,,,no
Belize,BBR 4 (1.968),BBR 4,Other species,Gischler et al. 2023,Gischler et al. 2023,U-Th,1.968,1950,1.968,0.022,,,,,,yes,<Flags(allows_duplicate_labels=True)>,1.968,,,no
Belize,LR 12 (1.990),LR 12,palmata,Gischler et al. 2023,Gischler et al. 2023,U-Th,1.99,1950,1.99,0.018,,,,,,yes,<Flags(allows_duplicate_labels=True)>,1.99,,,yes
Belize,GR 3 (2.720),GR 3,palmata,Gischler & Hudson 2004/1998,Gischler et al. 2023,14C,2.72,1950,2.879,0.2515,2978.0,85.0,-248.0,35.0,Marine20,yes,<Flags(allows_duplicate_labels=True)>,2.716,,,yes
Belize,GR 1 (2.835),GR 1,palmata,Gischler & Hudson 2004/1998,Gischler et al. 2023,14C,2.835,1950,2.94,0.2185,3034.0,67.5,-248.0,35.0,Marine20,yes,<Flags(allows_duplicate_labels=True)>,2.789,,,yes
Belize,BBR 8 (2.975),BBR 8,palmata,Gischler & Hudson 2004/1998,Gischler et al. 2023,14C,2.975,1950,3.109,0.2355,3170.0,70.0,-248.0,35.0,Marine20,yes,<Flags(allows_duplicate_labels=True)>,2.947,,,yes
Belize,LR 13 (2.980),LR 13,palmata,Gischler et al. 2023,Gischler et al. 2023,U-Th,2.98,1950,2.98,0.042,,,,,,yes,<Flags(allows_duplicate_labels=True)>,2.98,,,yes
Belize,BBR 4 (3.235),BBR 4,palmata,Gischler & Hudson 2004/1998,Gischler et al. 2023,14C,3.235,1950,3.365,0.232,3380.0,70.0,-248.0,35.0,Marine20,yes,<Flags(allows_duplicate_labels=True)>,3.201,,,yes
Belize,GR 3 (3.485),GR 3,palmata,Gischler & Hudson 2004/1998,Gischler et al. 2023,14C,3.485,1950,3.619,0.263,3588.0,87.5,-248.0,35.0,Marine20,yes,<Flags(allows_duplicate_labels=True)>,3.458,,,yes
Belize,LR 13 (3.545),LR 13,Other species,Gischler & Hudson 2004/1998,Gischler et al. 2023,14C,3.545,1950,3.668,0.27,3627.0,87.5,-248.0,35.0,Marine20,yes,<Flags(allows_duplicate_labels=True)>,3.506,,,no
Belize,BBR 3 (3.684),BBR 3,palmata,Gischler et al. 2023,Gischler et al. 2023,U-Th,3.684,1950,3.684,0.026,,,,,,yes,<Flags(allows_duplicate_labels=True)>,3.684,,,yes
Belize,LR 7 (3.825),LR 7,Other species,Gischler & Hudson 2004/1998,Gischler et al. 2023,14C,3.825,1950,3.976,0.252,3862.0,67.5,-248.0,35.0,Marine20,yes,<Flags(allows_duplicate_labels=True)>,3.797,,,no
Belize,BBR 6 (4.202),BBR 6,palmata,Gischler et al. 2023,Gischler et al. 2023,U-Th,4.202,1950,4.202,0.03,,,,,,yes,<Flags(allows_duplicate_labels=True)>,4.202,,,yes
Belize,LR 11 (4.277),LR 11,Other species,Gischler et al. 2023,Gischler et al. 2023,U-Th,4.277,1950,4.277,0.041,,,,,,yes,<Flags(allows_duplicate_labels=True)>,4.277,,,no
Belize,GR 1 (4.371),GR 1,Other species,Gischler et al. 2023,Gischler et al. 2023,U-Th,4.371,1950,4.371,0.033,,,,,,yes,<Flags(allows_duplicate_labels=True)>,4.371,,,no
Belize,LR 7 (4.397),LR 7,palmata,Gischler et al. 2023,Gischler et al. 2023,U-Th,4.397,1950,4.397,0.035,,,,,,yes,<Flags(allows_duplicate_labels=True)>,4.397,,,yes
Belize,LR 10 (4.424),LR 10,Other species,Gischler et al. 2023,Gischler et al. 2023,U-Th,4.424,1950,4.424,0.031,,,,,,yes,<Flags(allows_duplicate_labels=True)>,4.424,,,no
Belize,BBR 6 (4.435),BBR 6,palmata,Gischler & Hudson 2004/1998,Gischler et al. 2023,14C,4.435,1950,4.57,0.242,4310.0,70.0,-248.0,35.0,Marine20,yes,<Flags(allows_duplicate_labels=True)>,4.391,,,yes
Belize,LR 7 (4.565),LR 7,palmata,Gischler & Hudson 2004/1998,Gischler et al. 2023,14C,4.565,1950,4.707,0.3155,4427.0,105.0,-248.0,35.0,Marine20,yes,<Flags(allows_duplicate_labels=True)>,4.545,,,yes
Belize,LR 12 (4.569),LR 12,Other species,Gischler et al. 2023,Gischler et al. 2023,U-Th,4.569,1950,4.569,0.033,,,,,,yes,<Flags(allows_duplicate_labels=True)>,4.569,,,no
Belize,BBR 1 (4.601),BBR 1,Other species,Gischler et al. 2023,Gischler et al. 2023,U-Th,4.601,1950,4.601,0.035,,,,,,yes,<Flags(allows_duplicate_labels=True)>,4.601,,,no
Belize,LR 7 (4.625),LR 7,Other species,Gischler & Hudson 2004/1998,Gischler et al. 2023,14C,4.625,1950,4.761,0.303,4470.0,92.5,-248.0,35.0,Marine20,yes,<Flags(allows_duplicate_labels=True)>,4.599,,,no
Belize,LR 11 (4.675),LR 11,Other species,Gischler et al. 2023,Gischler et al. 2023,,4.675,1950,4.675,,,,,,,yes,<Flags(allows_duplicate_labels=True)>,4.675,,,no
Belize,BBR 7 (4.695),BBR 7,palmata,Gischler & Hudson 2004/1998,Gischler et al. 2023,14C,4.695,1950,4.845,0.2695,4530.0,70.0,-248.0,35.0,Marine20,yes,<Flags(allows_duplicate_labels=True)>,4.67,,,yes
Belize,LR 10 (4.813),LR 10,Other species,Gischler et al. 2023,Gischler et al. 2023,U-Th,4.813,1950,4.813,0.033,,,,,,yes,<Flags(allows_duplicate_labels=True)>,4.813,,,no
Belize,BBR 1 (4.875),BBR 1,palmata,Gischler & Hudson 2004/1998,Gischler et al. 2023,14C,4.875,1950,4.987,0.2475,4640.0,70.0,-248.0,35.0,Marine20,yes,<Flags(allows_duplicate_labels=True)>,4.812,,,yes
Belize,BBR 2 (5.005),BBR 2,palmata,Gischler & Hudson 2004/1998,Gischler et al. 2023,14C,5.005,1950,5.142,0.2515,4770.0,70.0,-248.0,35.0,Marine20,yes,<Flags(allows_duplicate_labels=True)>,4.984,,,yes
Belize,TR 4 (5.035),TR 4,palmata,Gischler & Hudson 2004/1998,Gischler et al. 2023,14C,5.035,1950,5.131,0.3015,4763.0,110.0,-248.0,35.0,Marine20,yes,<Flags(allows_duplicate_labels=True)>,4.976,,,yes
Belize,GR 1 (5.055),GR 1,palmata,Gischler & Hudson 2004/1998,Gischler et al. 2023,14C,5.055,1950,5.145,0.2985,4775.0,107.5,-248.0,35.0,Marine20,yes,<Flags(allows_duplicate_labels=True)>,4.991,,,yes
Belize,BBR 6 (5.146),BBR 6,palmata,Gischler et al. 2023,Gischler et al. 2023,U-Th,5.146,1950,5.146,0.04,,,,,,yes,<Flags(allows_duplicate_labels=True)>,5.146,,,yes
Belize,BBR 4 (5.170),BBR 4,Other species,Gischler et al. 2023,Gischler et al. 2023,U-Th,5.17,1950,5.17,0.043,,,,,,yes,<Flags(allows_duplicate_labels=True)>,5.17,,,no
Belize,LR 12 (5.178),LR 12,Other species,Gischler et al. 2023,Gischler et al. 2023,U-Th,5.178,1950,5.178,0.037,,,,,,yes,<Flags(allows_duplicate_labels=True)>,5.178,,,no
Belize,BBR 7 (5.188),BBR 7,Other species,Gischler et al. 2023,Gischler et al. 2023,U-Th,5.188,1950,5.188,0.047,,,,,,yes,<Flags(allows_duplicate_labels=True)>,5.188,,,no
Belize,BBR 5 (5.247),BBR 5,Other species,Gischler et al. 2023,Gischler et al. 2023,U-Th,5.247,1950,5.247,0.041,,,,,,yes,<Flags(allows_duplicate_labels=True)>,5.247,,,no
Belize,BBR 11 (5.340),BBR 11,palmata,Gischler & Hudson 2004/1998,Gischler et al. 2023,14C,5.34,1950,5.406,0.238,4990.0,80.0,-248.0,35.0,Marine20,yes,<Flags(allows_duplicate_labels=True)>,5.246,,,yes
Belize,BBR 9 (5.340),BBR 9,palmata,Gischler & Hudson 2004/1998,Gischler et al. 2023,14C,5.34,1950,5.406,0.238,4990.0,80.0,-248.0,35.0,Marine20,yes,<Flags(allows_duplicate_labels=True)>,5.246,,,yes
Belize,BBR 10 (5.390),BBR 10,palmata,Gischler & Hudson 2004/1998,Gischler et al. 2023,14C,5.39,1950,5.427,0.2335,5010.0,80.0,-248.0,35.0,Marine20,yes,<Flags(allows_duplicate_labels=True)>,5.272,,,yes
Belize,BBR 4 (5.538),BBR 4,palmata,Gischler et al. 2023,Gischler et al. 2023,U-Th,5.538,1950,5.538,0.048,,,,,,yes,<Flags(allows_duplicate_labels=True)>,5.538,,,yes
Belize,GR 1 (5.541),GR 1,palmata,Gischler et al. 2023,Gischler et al. 2023,U-Th,5.541,1950,5.541,0.041,,,,,,yes,<Flags(allows_duplicate_labels=True)>,5.541,,,yes
Belize,GR 2 (5.575),GR 2,Other species,Gischler & Hudson 2004/1998,Gischler et al. 2023,14C,5.575,1950,5.649,0.2105,5216.0,67.5,-248.0,35.0,Marine20,yes,<Flags(allows_duplicate_labels=True)>,5.502,,,no
Belize,BBR 6 (5.810),BBR 6,Other species,Gischler & Hudson 2004/1998,Gischler et al. 2023,14C,5.81,1950,5.9,0.26,5450.0,90.0,-248.0,35.0,Marine20,yes,<Flags(allows_duplicate_labels=True)>,5.754,,,no
Belize,BBR 7 (5.850),BBR 7,Other species,Gischler & Hudson 2004/1998,Gischler et al. 2023,14C,5.85,1950,5.936,0.243,5480.0,80.0,-248.0,35.0,Marine20,yes,<Flags(allows_duplicate_labels=True)>,5.784,,,no
Belize,TR 4 (5.968),TR 4,Other species,Gischler et al. 2023,Gischler et al. 2023,U-Th,5.968,1950,5.968,0.052,,,,,,yes,<Flags(allows_duplicate_labels=True)>,5.968,,,no
Belize,BBR 8 (6.000),BBR 8,palmata,Gischler & Hudson 2004/1998,Gischler et al. 2023,14C,6.0,1950,6.045,0.23,5580.0,80.0,-248.0,35.0,Marine20,yes,<Flags(allows_duplicate_labels=True)>,5.895,,,no
Belize,BBR 5 (6.135),BBR 5,palmata,Gischler & Hudson 2004/1998,Gischler et al. 2023,14C,6.135,1950,6.212,0.2165,5740.0,70.0,-248.0,35.0,Marine20,yes,<Flags(allows_duplicate_labels=True)>,6.07,,,no
Belize,BBR 10 (6.220),BBR 10,palmata,Gischler & Hudson 2004/1998,Gischler et al. 2023,14C,6.22,1950,6.288,0.2395,5810.0,80.0,-248.0,35.0,Marine20,yes,<Flags(allows_duplicate_labels=True)>,6.14,,,no
Belize,BBR 8 (6.252),BBR 8,palmata,Gischler et al. 2023,Gischler et al. 2023,U-Th,6.252,1950,6.252,0.044,,,,,,yes,<Flags(allows_duplicate_labels=True)>,6.252,,,no
Belize,BBR 6 (6.259),BBR 6,Other species,Gischler et al. 2023,Gischler et al. 2023,U-Th,6.259,1950,6.259,0.048,,,,,,yes,<Flags(allows_duplicate_labels=True)>,6.259,,,no
Belize,BBR 1 (6.289),BBR 1,palmata,Gischler et al. 2023,Gischler et al. 2023,U-Th,6.289,1950,6.289,0.057,,,,,,yes,<Flags(allows_duplicate_labels=True)>,6.289,,,no
Belize,BBR 7 (6.309),BBR 7,Other species,Gischler et al. 2023,Gischler et al. 2023,U-Th,6.309,1950,6.309,0.046,,,,,,yes,<Flags(allows_duplicate_labels=True)>,6.309,,,no
Belize,GR 2 (6.322),GR 2,palmata,Gischler et al. 2023,Gischler et al. 2023,U-Th,6.322,1950,6.322,0.045,,,,,,yes,<Flags(allows_duplicate_labels=True)>,6.322,,,no
Belize,BBR 1 (6.375),BBR 1,Other species,Gischler et al. 2023,Gischler et al. 2023,U-Th,6.375,1950,6.375,0.046,,,,,,yes,<Flags(allows_duplicate_labels=True)>,6.375,,,no
Belize,BBR 6 (6.420),BBR 6,palmata,Gischler et al. 2023,Gischler et al. 2023,U-Th,6.42,1950,6.42,0.048,,,,,,yes,<Flags(allows_duplicate_labels=True)>,6.42,,,no
Belize,BBR 8 (6.423),BBR 8,palmata,Gischler et al. 2023,Gischler et al. 2023,U-Th,6.423,1950,6.423,0.045,,,,,,yes,<Flags(allows_duplicate_labels=True)>,6.423,,,no
Belize,BBR 1 (6.445),BBR 1,Other species,Gischler & Hudson 2004/1998,Gischler et al. 2023,14C,6.445,1950,6.508,0.2035,6020.0,60.0,-248.0,35.0,Marine20,yes,<Flags(allows_duplicate_labels=True)>,6.368,,,no
Belize,LR 14 (6.499),LR 14,Other species,Gischler et al. 2023,Gischler et al. 2023,U-Th,6.499,1950,6.499,0.064,,,,,,yes,<Flags(allows_duplicate_labels=True)>,6.499,,,no
Belize,BBR 11 (6.525),BBR 11,palmata,Gischler & Hudson 2004/1998,Gischler et al. 2023,14C,6.525,1950,6.584,0.211,6090.0,60.0,-248.0,35.0,Marine20,yes,<Flags(allows_duplicate_labels=True)>,6.442,,,no
Belize,BBR 4 (6.610),BBR 4,palmata,Gischler & Hudson 2004/1998,Gischler et al. 2023,14C,6.61,1950,6.677,0.2465,6170.0,80.0,-248.0,35.0,Marine20,yes,<Flags(allows_duplicate_labels=True)>,6.528,,,no
Belize,GR 1 (6.637),GR 1,palmata,Gischler et al. 2023,Gischler et al. 2023,U-Th,6.637,1950,6.637,0.048,,,,,,yes,<Flags(allows_duplicate_labels=True)>,6.637,,,no
Belize,BBR 3 (6.650),BBR 3,palmata,Gischler & Hudson 2004/1998,Gischler et al. 2023,14C,6.65,1950,6.712,0.2475,6200.0,80.0,-248.0,35.0,Marine20,yes,<Flags(allows_duplicate_labels=True)>,6.56,,,no
Belize,BBR 2 (6.675),BBR 2,palmata,Gischler & Hudson 2004/1998,Gischler et al. 2023,14C,6.675,1950,6.746,0.25,6230.0,80.0,-248.0,35.0,Marine20,yes,<Flags(allows_duplicate_labels=True)>,6.593,,,no
Belize,BBR 3 (6.679),BBR 3,palmata,Gischler et al. 2023,Gischler et al. 2023,U-Th,6.679,1950,6.679,0.048,,,,,,yes,<Flags(allows_duplicate_labels=True)>,6.679,,,no
Belize,BBR 7 (6.705),BBR 7,Other species,Gischler et al. 2023,Gischler et al. 2023,U-Th,6.705,1950,6.705,0.089,,,,,,yes,<Flags(allows_duplicate_labels=True)>,6.705,,,no
Belize,GR 1 (6.725),GR 1,palmata,Gischler & Hudson 2004/1998,Gischler et al. 2023,14C,6.725,1950,6.801,0.267,6277.0,87.5,-248.0,35.0,Marine20,yes,<Flags(allows_duplicate_labels=True)>,6.646,,,no
Belize,BBR 9 (6.777),BBR 9,Other species,Gischler et al. 2023,Gischler et al. 2023,U-Th,6.777,1950,6.777,0.05,,,,,,yes,<Flags(allows_duplicate_labels=True)>,6.777,,,no
Belize,LR 7 (6.885),LR 7,Other species,Gischler et al. 2023,Gischler et al. 2023,,6.885,1950,6.885,,,,,,,yes,<Flags(allows_duplicate_labels=True)>,6.885,,,no
Belize,LR 12 (6.891),LR 12,Other species,Gischler et al. 2023,Gischler et al. 2023,U-Th,6.891,1950,6.891,0.05,,,,,,yes,<Flags(allows_duplicate_labels=True)>,6.891,,,no
Belize,BBR 1 (6.911),BBR 1,Other species,Gischler et al. 2023,Gischler et al. 2023,U-Th,6.911,1950,6.911,0.049,,,,,,yes,<Flags(allows_duplicate_labels=True)>,6.911,,,no
Belize,BBR 6 (6.963),BBR 6,Other species,Gischler et al. 2023,Gischler et al. 2023,U-Th,6.963,1950,6.963,0.066,,,,,,yes,<Flags(allows_duplicate_labels=True)>,6.963,,,no
Belize,BBR 4 (6.990),BBR 4,palmata,Gischler et al. 2023,Gischler et al. 2023,U-Th,6.99,1950,6.99,0.049,,,,,,yes,<Flags(allows_duplicate_labels=True)>,6.99,,,no
Belize,BBR 8 (6.990),BBR 8,Other species,Gischler & Hudson 2004/1998,Gischler et al. 2023,14C,6.99,1950,7.053,0.22,6500.0,70.0,-248.0,35.0,Marine20,yes,<Flags(allows_duplicate_labels=True)>,6.902,,,no
Belize,BBR 11 (6.995),BBR 11,palmata,Gischler & Hudson 2004/1998,Gischler et al. 2023,14C,6.995,1950,7.033,0.2105,6480.0,60.0,-248.0,35.0,Marine20,yes,<Flags(allows_duplicate_labels=True)>,6.879,,,no
Belize,BBR 10 (7.037),BBR 10,palmata,Gischler et al. 2023,Gischler et al. 2023,U-Th,7.037,1950,7.037,0.05,,,,,,yes,<Flags(allows_duplicate_labels=True)>,7.037,,,no
Belize,GR 1 (7.045),GR 1,Other species,Gischler & Hudson 2004/1998,Gischler et al. 2023,14C,7.045,1950,7.113,0.2395,6559.0,85.0,-248.0,35.0,Marine20,yes,<Flags(allows_duplicate_labels=True)>,6.969,,,no
Belize,BBR 5 (7.066),BBR 5,Other species,Gischler et al. 2023,Gischler et al. 2023,U-Th,7.066,1950,7.066,0.057,,,,,,yes,<Flags(allows_duplicate_labels=True)>,7.066,,,no
Belize,BBR 9 (7.070),BBR 9,Other species,Gischler & Hudson 2004/1998,Gischler et al. 2023,14C,7.07,1950,7.127,0.216,6570.0,70.0,-248.0,35.0,Marine20,yes,<Flags(allows_duplicate_labels=True)>,6.982,,,no
Belize,BBR 9 (7.071),BBR 9,Other species,Gischler et al. 2023,Gischler et al. 2023,U-Th,7.071,1950,7.071,0.05,,,,,,yes,<Flags(allows_duplicate_labels=True)>,7.071,,,no
Belize,BBR 1 (7.098),BBR 1,Other species,Gischler et al. 2023,Gischler et al. 2023,U-Th,7.098,1950,7.098,0.051,,,,,,yes,<Flags(allows_duplicate_labels=True)>,7.098,,,no
Belize,LR 12 (7.145),LR 12,Other species,Gischler & Hudson 2004/1998,Gischler et al. 2023,14C,7.145,1950,7.205,0.179,6640.0,40.0,-248.0,35.0,Marine20,yes,<Flags(allows_duplicate_labels=True)>,7.059,,,no
Belize,GR 1 (7.185),GR 1,Other species,Gischler et al. 2023,Gischler et al. 2023,U-Th,7.185,1950,7.185,0.053,,,,,,yes,<Flags(allows_duplicate_labels=True)>,7.185,,,no
Belize,GR 1 (7.260),GR 1,Other species,Gischler et al. 2023,Gischler et al. 2023,U-Th,7.26,1950,7.26,0.052,,,,,,yes,<Flags(allows_duplicate_labels=True)>,7.26,,,no
Belize,BBR 8 (7.320),BBR 8,Other species,Gischler et al. 2023,Gischler et al. 2023,U-Th,7.32,1950,7.32,0.065,,,,,,yes,<Flags(allows_duplicate_labels=True)>,7.32,,,no
Belize,BBR 1 (7.325),BBR 1,Other species,Gischler & Hudson 2004/1998,Gischler et al. 2023,14C,7.325,1950,7.356,0.1775,6800.0,60.0,-248.0,35.0,Marine20,yes,<Flags(allows_duplicate_labels=True)>,7.227,,,no
Belize,GR 2 (7.451),GR 2,Other species,Gischler et al. 2023,Gischler et al. 2023,U-Th,7.451,1950,7.451,0.054,,,,,,yes,<Flags(allows_duplicate_labels=True)>,7.451,,,no
Belize,GR 2 (7.459),GR 2,Other species,Gischler et al. 2023,Gischler et al. 2023,U-Th,7.459,1950,7.459,0.054,,,,,,yes,<Flags(allows_duplicate_labels=True)>,7.459,,,no
Belize,BBR 10 (7.460),BBR 10,palmata,Gischler & Hudson 2004/1998,Gischler et al. 2023,14C,7.46,1950,7.483,0.17,6940.0,60.0,-248.0,35.0,Marine20,yes,<Flags(allows_duplicate_labels=True)>,7.36,,,no
Belize,GR 2 (7.512),GR 2,Other species,Gischler et al. 2023,Gischler et al. 2023,U-Th,7.512,1950,7.512,0.058,,,,,,yes,<Flags(allows_duplicate_labels=True)>,7.512,,,no
Belize,BBR 5 (7.660),BBR 5,Other species,Gischler & Hudson 2004/1998,Gischler et al. 2023,14C,7.66,1950,7.709,0.217,7180.0,90.0,-248.0,35.0,Marine20,yes,<Flags(allows_duplicate_labels=True)>,7.582,,,no
Belize,BBR 4 (7.685),BBR 4,palmata,Gischler & Hudson 2004/1998,Gischler et al. 2023,14C,7.685,1950,7.745,0.1755,7220.0,60.0,-248.0,35.0,Marine20,yes,<Flags(allows_duplicate_labels=True)>,7.618,,,no
Belize,BBR 3 (7.705),BBR 3,palmata,Gischler & Hudson 2004/1998,Gischler et al. 2023,14C,7.705,1950,7.747,0.216,7220.0,90.0,-248.0,35.0,Marine20,yes,<Flags(allows_duplicate_labels=True)>,7.62,,,no
Belize,BBR 8 (7.706),BBR 8,Other species,Gischler et al. 2023,Gischler et al. 2023,U-Th,7.706,1950,7.706,0.055,,,,,,yes,<Flags(allows_duplicate_labels=True)>,7.706,,,no
Belize,GR 2 (7.785),GR 2,Other species,Gischler & Hudson 2004/1998,Gischler et al. 2023,14C,7.785,1950,7.848,0.197,7326.0,70.0,-248.0,35.0,Marine20,yes,<Flags(allows_duplicate_labels=True)>,7.72,,,no
Belize,BBR 9 (8.040),BBR 9,Other species,Gischler & Hudson 2004/1998,Gischler et al. 2023,14C,8.04,1950,8.1,0.188,7570.0,60.0,-248.0,35.0,Marine20,yes,<Flags(allows_duplicate_labels=True)>,7.963,,,no
Belize,BBR 4 (8.148),BBR 4,palmata,Gischler et al. 2023,Gischler et al. 2023,U-Th,8.148,1950,8.148,0.052,,,,,,yes,<Flags(allows_duplicate_labels=True)>,8.148,,,no
Belize,BBR 2 (8.165),BBR 2,Other species,Gischler et al. 2023,Gischler et al. 2023,U-Th,8.165,1950,8.165,0.076,,,,,,yes,<Flags(allows_duplicate_labels=True)>,8.165,,,no
Belize,BBR 8 (8.260),BBR 8,Other species,Gischler & Hudson 2004/1998,Gischler et al. 2023,14C,8.26,1950,8.331,0.192,7790.0,60.0,-248.0,35.0,Marine20,yes,<Flags(allows_duplicate_labels=True)>,8.191,,,no
Belize,BBR 3 (8.307),BBR 3,palmata,Gischler et al. 2023,Gischler et al. 2023,U-Th,8.307,1950,8.307,0.064,,,,,,yes,<Flags(allows_duplicate_labels=True)>,8.307,,,no
Belize,BBR 5 (8.521),BBR 5,Other species,Gischler et al. 2023,Gischler et al. 2023,U-Th,8.521,1950,8.521,0.08,,,,,,yes,<Flags(allows_duplicate_labels=True)>,8.521,,,no
Belize,BBR 4 (9.002),BBR 4,Other species,Gischler et al. 2023,Gischler et al. 2023,U-Th,9.002,1950,9.002,0.074,,,,,,yes,<Flags(allows_duplicate_labels=True)>,9.002,,,no
Florida,DT-PL-2-0,DT-PL-2-0,palmata,Toth et al. (FKRT),"Toth et al., 2019;Modys et al., 2024",14C,4.239,1950,4.247,0.1565,4110.0,20.0,-201.670178,18.886833,Marine20,no,<Flags(allows_duplicate_labels=True)>,,Florida_Main_Reef,4.247,no
Florida,DT-PL-3-2.5,DT-PL-3-2.5,palmata,Toth et al. (FKRT),"Toth et al., 2019;Modys et al., 2024",14C,3.761,1950,3.762,0.1555,3790.0,20.0,-173.178189,17.105691,Marine20,no,<Flags(allows_duplicate_labels=True)>,,Florida_Main_Reef,3.762,no
Florida,DT-PL-3-10,DT-PL-3-10,palmata,Toth et al. (FKRT),"Toth et al., 2019;Modys et al., 2024",14C,4.485,1950,4.503,0.1815,4290.0,30.0,-212.366897,19.56831,Marine20,no,<Flags(allows_duplicate_labels=True)>,,Florida_Main_Reef,4.503,no
Florida,DT-PL-4-6,DT-PL-4-6,palmata,Toth et al. (FKRT),"Toth et al., 2019;Modys et al., 2024",14C,5.932,1950,5.953,0.1645,5460.0,20.0,-239.37234,21.369507,Marine20,yes,<Flags(allows_duplicate_labels=True)>,,Florida_Main_Reef,5.953,yes
Florida,LK-RK-N3-0,LK-RK-N3-0,palmata,Toth et al. (FKRT),"Toth et al., 2019;Modys et al., 2024",14C,5.638,1950,5.637,0.15,5270.0,25.0,-162.247346,29.2626,Marine20,yes,<Flags(allows_duplicate_labels=True)>,,Florida_Main_Reef,5.637,yes
Florida,LK-WS-1-0,LK-WS-1-0,palmata,Toth et al. (FKRT),"Toth et al., 2019;Modys et al., 2024",14C,4.774,1950,4.76,0.169,4535.0,30.0,-176.78501,30.020353,Marine20,yes,<Flags(allows_duplicate_labels=True)>,,Florida_Main_Reef,4.76,yes
Florida,LK-WS-3-1,LK-WS-3-1,palmata,Toth et al. (FKRT),"Toth et al., 2019;Modys et al., 2024",14C,4.876,1950,4.879,0.164,4630.0,25.0,-172.80594,29.48584,Marine20,yes,<Flags(allows_duplicate_labels=True)>,,Florida_Main_Reef,4.879,yes
Florida,LK-WS-3-5,LK-WS-3-5,palmata,Toth et al. (FKRT),"Toth et al., 2019;Modys et al., 2024",14C,5.501,1950,5.469,0.135,5115.0,25.0,-163.213424,29.524826,Marine20,yes,<Flags(allows_duplicate_labels=True)>,,Florida_Main_Reef,5.469,yes
Florida,LK-LK-2-0N,LK-LK-2-0N,palmata,Toth et al. (FKRT),"Toth et al., 2019;Modys et al., 2024",14C,1.107,1950,0.949,0.1395,1510.0,25.0,-187.183252,25.936418,Marine20,yes,<Flags(allows_duplicate_labels=True)>,,Florida_Main_Reef,0.949,yes
Florida,LK-LK-2-0,LK-LK-2-0,palmata,Toth et al. (FKRT),"Toth et al., 2019;Modys et al., 2024",14C,0.851,1950,0.663,0.1745,1270.0,65.0,-191.32036399999998,28.825329,Marine20,yes,<Flags(allows_duplicate_labels=True)>,,Florida_Main_Reef,0.663,yes
Florida,LK-LK-2-10,LK-LK-2-10,palmata,Toth et al. (FKRT),"Toth et al., 2019;Modys et al., 2024",14C,5.473,1950,5.294,0.137,5090.0,25.0,-163.315073,29.513699,Marine20,yes,<Flags(allows_duplicate_labels=True)>,,Florida_Main_Reef,5.294,yes
Florida,LK-LK-2-13,LK-LK-2-13,palmata,Toth et al. (FKRT),"Toth et al., 2019;Modys et al., 2024",14C,4.555,1950,4.198,0.326,4362.0,119.0,-182.865553,30.948817,Marine20,yes,<Flags(allows_duplicate_labels=True)>,,Florida_Main_Reef,4.198,yes
Florida,MK-SR-3-0,MK-SR-3-0,palmata,Toth et al. (FKRT),"Toth et al., 2019;Modys et al., 2024",14C,0.999,1950,0.992,0.14,1415.0,25.0,-188.449488,26.746862,Marine20,yes,<Flags(allows_duplicate_labels=True)>,,Florida_Main_Reef,0.992,yes
Florida,MK-SR-3-3,MK-SR-3-3,palmata,Toth et al. (FKRT),"Toth et al., 2019;Modys et al., 2024",14C,5.687,1950,5.69,0.1575,5320.0,25.0,-161.618678,29.105943,Marine20,yes,<Flags(allows_duplicate_labels=True)>,,Florida_Main_Reef,5.69,yes
Florida,MK-TN-1-1,MK-TN-1-1,palmata,Toth et al. (FKRT),"Toth et al., 2019;Modys et al., 2024",14C,5.897,1950,5.888,0.1615,5505.0,30.0,-157.406643,28.380166,Marine20,yes,<Flags(allows_duplicate_labels=True)>,,Florida_Main_Reef,5.888,yes
Florida,MK-AR-2-1,MK-AR-2-1,palmata,Toth et al. (FKRT),"Toth et al., 2019;Modys et al., 2024",14C,5.852,1950,5.841,0.152,5465.0,25.0,-158.511542,28.581281,Marine20,yes,<Flags(allows_duplicate_labels=True)>,,Florida_Main_Reef,5.841,yes
Florida,MK-AR-4-1.5,MK-AR-4-1.5,palmata,Toth et al. (FKRT),"Toth et al., 2019;Modys et al., 2024",14C,5.996,1950,5.998,0.172,5600.0,30.0,-154.539996,27.784545,Marine20,yes,<Flags(allows_duplicate_labels=True)>,,Florida_Main_Reef,5.998,yes
Florida,MK-AR-7-0,MK-AR-7-0,palmata,Toth et al. (FKRT),"Toth et al., 2019;Modys et al., 2024",14C,5.927,1950,5.924,0.166,5535.0,25.0,-156.531636,28.208612,Marine20,yes,<Flags(allows_duplicate_labels=True)>,,Florida_Main_Reef,5.924,yes
Florida,UK-KL-5-0,UK-KL-5-0,palmata,Toth et al. (FKRT),"Toth et al., 2019;Modys et al., 2024",14C,5.596,1950,5.581,0.1525,5220.0,30.0,-162.676978,29.398919,Marine20,yes,<Flags(allows_duplicate_labels=True)>,,Florida_Main_Reef,5.581,yes
Florida,UK-GR-5-5,UK-GR-5-5,palmata,Toth et al. (FKRT),"Toth et al., 2019;Modys et al., 2024",14C,0.174,1950,0.146,0.1345,480.0,25.0,-209.624419,30.574843,Marine20,yes,<Flags(allows_duplicate_labels=True)>,,Florida_Main_Reef,0.146,yes
Florida,UK-GR-5-10,UK-GR-5-10,palmata,Toth et al. (FKRT),"Toth et al., 2019;Modys et al., 2024",14C,1.117,1950,1.102,0.142,1520.0,30.0,-187.094952,25.892467,Marine20,yes,<Flags(allows_duplicate_labels=True)>,,Florida_Main_Reef,1.102,yes
Florida,UK-CF-7-1,UK-CF-7-1,palmata,Toth et al. (FKRT),"Toth et al., 2019;Modys et al., 2024",14C,2.967,1950,2.978,0.1585,3165.0,25.0,-159.388289,30.493926,Marine20,yes,<Flags(allows_duplicate_labels=True)>,,Florida_Main_Reef,2.978,yes
Florida,BP-LR-1-2.5,BP-LR-1-2.5,palmata,Toth et al. (FKRT),"Toth et al., 2019;Modys et al., 2024",14C,2.182,1950,2.192,0.142,2465.0,20.0,-193.43867699999998,29.06866,Marine20,yes,<Flags(allows_duplicate_labels=True)>,,Florida_Main_Reef,2.192,yes
Florida,BP-LR-2-0,BP-LR-2-0,palmata,Toth et al. (FKRT),"Toth et al., 2019;Modys et al., 2024",14C,5.526,1950,5.505,0.145,5150.0,25.0,-163.06584,29.512677,Marine20,yes,<Flags(allows_duplicate_labels=True)>,,Florida_Main_Reef,5.505,yes
Florida,IR-9-2,IR-9-2,palmata,Toth et al. 2017 (S. Florida sea-level DB),"Toth et al., 2019;Modys et al., 2024",14C,5.804,1950,5.804,,,,,,Marine20,no,<Flags(allows_duplicate_labels=True)>,,Florida_Main_Reef,5.804,no
Florida,IR-14-1,IR-14-1,palmata,Toth et al. 2017 (S. Florida sea-level DB),"Toth et al., 2019;Modys et al., 2024",14C,5.869,1950,5.869,,,,,,Marine20,no,<Flags(allows_duplicate_labels=True)>,,Florida_Main_Reef,5.869,no
Florida,IR-14-2,IR-14-2,palmata,Toth et al. 2017 (S. Florida sea-level DB),"Toth et al., 2019;Modys et al., 2024",14C,5.976,1950,5.976,,,,,,Marine20,no,<Flags(allows_duplicate_labels=True)>,,Florida_Main_Reef,5.976,no
Florida,BP-LR-2-0-b / Long Reef #2,BP-LR-2-0-b / Long Reef #2,palmata,Toth et al. 2017 (S. Florida sea-level DB),"Toth et al., 2019;Modys et al., 2024",14C,5.526,1950,5.526,,,,,,Marine20,no,<Flags(allows_duplicate_labels=True)>,,Florida_Main_Reef,5.526,no
Florida,UK-CF-7-1-b / Carysfort #1,UK-CF-7-1-b / Carysfort #1,palmata,Toth et al. 2017 (S. Florida sea-level DB),"Toth et al., 2019;Modys et al., 2024",14C,2.967,1950,2.967,,,,,,Marine20,no,<Flags(allows_duplicate_labels=True)>,,Florida_Main_Reef,2.967,no
Florida,UK-CF-HM-7-b / WL,UK-CF-HM-7-b / WL,palmata,Toth et al. 2017 (S. Florida sea-level DB),"Toth et al., 2019;Modys et al., 2024",14C,1.935,1950,1.943,0.1635,2275.0,35.0,-195.1,,Marine20,yes,<Flags(allows_duplicate_labels=True)>,,Florida_Main_Reef,1.935,yes
Florida,UK-GR-5-0-b,UK-GR-5-0-b,palmata,Toth et al. 2017 (S. Florida sea-level DB),"Toth et al., 2019;Modys et al., 2024",14C,0.0,1950,0.069,0.114,380.0,35.0,-208.192841,,Marine20,yes,<Flags(allows_duplicate_labels=True)>,,Florida_Main_Reef,0.0,yes
Florida,MK-AR-7-0-b,MK-AR-7-0-b,palmata,Toth et al. 2017 (S. Florida sea-level DB),"Toth et al., 2019;Modys et al., 2024",14C,5.927,1950,5.927,,,,,,Marine20,no,<Flags(allows_duplicate_labels=True)>,,Florida_Main_Reef,5.927,no
Florida,MK-SR-3-0-b,MK-SR-3-0-b,palmata,Toth et al. 2017 (S. Florida sea-level DB),"Toth et al., 2019;Modys et al., 2024",14C,0.999,1950,0.999,,,,,,Marine20,no,<Flags(allows_duplicate_labels=True)>,,Florida_Main_Reef,0.999,no
Florida,LK2-1 / LK-LK-2-0,LK2-1 / LK-LK-2-0,palmata,Toth et al. 2017 (S. Florida sea-level DB),"Toth et al., 2019;Modys et al., 2024",14C,0.851,1950,0.851,,,,,,Marine20,no,<Flags(allows_duplicate_labels=True)>,,Florida_Main_Reef,0.851,no
Florida,LK2-2 / LK-LK-2-10,LK2-2 / LK-LK-2-10,palmata,Toth et al. 2017 (S. Florida sea-level DB),"Toth et al., 2019;Modys et al., 2024",14C,4.555,1950,4.555,,,,,,Marine20,no,<Flags(allows_duplicate_labels=True)>,,Florida_Main_Reef,4.555,no
Florida,LK2-3 / LK-LK-2-26,LK2-3 / LK-LK-2-26,palmata,Toth et al. 2017 (S. Florida sea-level DB),"Toth et al., 2019;Modys et al., 2024",14C,5.34,1950,5.306,0.322,4990.0,125.0,-163.845936,,Marine20,yes,<Flags(allows_duplicate_labels=True)>,,Florida_Main_Reef,5.34,yes
Florida,LK-LK-2-0-b / LK2-1,LK-LK-2-0-b / LK2-1,palmata,Toth et al. 2017 (S. Florida sea-level DB),"Toth et al., 2019;Modys et al., 2024",14C,1.107,1950,1.107,,,,,,Marine20,no,<Flags(allows_duplicate_labels=True)>,,Florida_Main_Reef,1.107,no
Florida,LK-LK-2-10-b / LK2,LK-LK-2-10-b / LK2,palmata,Toth et al. 2017 (S. Florida sea-level DB),"Toth et al., 2019;Modys et al., 2024",14C,5.473,1950,5.473,,,,,,Marine20,no,<Flags(allows_duplicate_labels=True)>,,Florida_Main_Reef,5.473,no
Florida,BR-IR-CR-9-0.1,BR-IR-CR-9-0.1,palmata,Toth et al. 2021 (SFCRT),"Toth et al., 2019;Modys et al., 2024",U-Th,5.828,1950,5.828,0.025,,,,,,yes,<Flags(allows_duplicate_labels=True)>,,Florida_Main_Reef,5.828,yes
Florida,BR-IR-CR-9-0.4,BR-IR-CR-9-0.4,palmata,Toth et al. 2021 (SFCRT),"Toth et al., 2019;Modys et al., 2024",14C,5.804,1950,5.796,0.15,5420.0,30.0,-159.65,28.77,Marine20,yes,<Flags(allows_duplicate_labels=True)>,,Florida_Main_Reef,5.796,yes
Florida,BR-IR-CR-14-0.1,BR-IR-CR-14-0.1,palmata,Toth et al. 2021 (SFCRT),"Toth et al., 2019;Modys et al., 2024",14C,5.869,1950,5.858,0.1565,5480.0,30.0,-158.11,28.51,Marine20,yes,<Flags(allows_duplicate_labels=True)>,,Florida_Main_Reef,5.858,yes
Florida,BR-IR-CR-14-0.6,BR-IR-CR-14-0.6,palmata,Toth et al. 2021 (SFCRT),"Toth et al., 2019;Modys et al., 2024",14C,5.976,1950,5.976,0.1835,5580.0,40.0,-155.16,27.92,Marine20,yes,<Flags(allows_duplicate_labels=True)>,,Florida_Main_Reef,5.976,yes
Florida,BR-NR-DF-2.0,BR-NR-DF-2.0,palmata,Toth et al. 2021 (SFCRT),"Toth et al., 2019;Modys et al., 2024",14C,2.438,1950,2.468,0.161,2700.0,20.0,-182.49472,30.47,Marine20,yes,<Flags(allows_duplicate_labels=True)>,,Florida_Main_Reef,2.468,yes
Florida,BR-NR-DF-2.3a,BR-NR-DF-2.3a,palmata,Toth et al. 2021 (SFCRT),"Toth et al., 2019;Modys et al., 2024",14C,2.627,1950,2.618,0.1415,2830.0,20.0,-174.796033,30.58,Marine20,yes,<Flags(allows_duplicate_labels=True)>,,Florida_Main_Reef,2.618,yes
Florida,BR-NR-DF-2.3b,BR-NR-DF-2.3b,palmata,Toth et al. 2021 (SFCRT),"Toth et al., 2019;Modys et al., 2024",14C,2.4,1950,2.431,0.1565,2670.0,15.0,-184.202363,30.36,Marine20,yes,<Flags(allows_duplicate_labels=True)>,,Florida_Main_Reef,2.431,yes
Florida,MD-IR-PM-7.0,MD-IR-PM-7.0,palmata,Toth et al. 2021 (SFCRT),"Toth et al., 2019;Modys et al., 2024",14C,3.24,1950,3.251,0.196,3370.0,60.0,-159.19,32.59,Marine20,yes,<Flags(allows_duplicate_labels=True)>,,Florida_Main_Reef,3.251,yes
Florida,MD-IR-PM-7.3a,MD-IR-PM-7.3a,palmata,Toth et al. 2021 (SFCRT),"Toth et al., 2019;Modys et al., 2024",14C,3.223,1950,3.233,0.1895,3355.0,55.0,-158.98,32.42,Marine20,yes,<Flags(allows_duplicate_labels=True)>,,Florida_Main_Reef,3.233,yes
Florida,MD-IR-PM-7.9,MD-IR-PM-7.9,palmata,Toth et al. 2021 (SFCRT),"Toth et al., 2019;Modys et al., 2024",14C,3.286,1950,3.3,0.1945,3410.0,60.0,-159.9,33.05,Marine20,yes,<Flags(allows_duplicate_labels=True)>,,Florida_Main_Reef,3.3,yes
Florida,MD-IR-PM-6.4,MD-IR-PM-6.4,palmata,Toth et al. 2021 (SFCRT),"Toth et al., 2019;Modys et al., 2024",14C,3.081,1950,3.091,0.211,3250.0,60.0,-158.39,31.23,Marine20,yes,<Flags(allows_duplicate_labels=True)>,,Florida_Main_Reef,3.091,yes
Florida,MD-IR-PM-5.8,MD-IR-PM-5.8,palmata,Toth et al. 2021 (SFCRT),"Toth et al., 2019;Modys et al., 2024",14C,2.939,1950,2.949,0.2,3140.0,60.0,-159.99,30.35,Marine20,yes,<Flags(allows_duplicate_labels=True)>,,Florida_Main_Reef,2.949,yes
Florida,MD-IR-PM-7.0,MD-IR-PM-7.0,palmata,Toth et al. 2021 (SFCRT),"Toth et al., 2019;Modys et al., 2024",14C,4.317,1950,4.334,0.2365,4190.0,70.0,-184.18,32.59,Marine20,yes,<Flags(allows_duplicate_labels=True)>,,Florida_Main_Reef,4.334,yes
Florida,MD-IR-PM-6.4,MD-IR-PM-6.4,palmata,Toth et al. 2021 (SFCRT),"Toth et al., 2019;Modys et al., 2024",14C,3.207,1950,3.218,0.1455,3340.0,20.0,-158.793017,31.23,Marine20,yes,<Flags(allows_duplicate_labels=True)>,,Florida_Main_Reef,3.218,yes
Florida,MD-IR-PM-8.5,MD-IR-PM-8.5,palmata,Toth et al. 2021 (SFCRT),"Toth et al., 2019;Modys et al., 2024",14C,5.276,1950,5.241,0.181,4920.0,25.0,-164.519427,29.1,Marine20,yes,<Flags(allows_duplicate_labels=True)>,,Florida_Main_Reef,5.241,yes
Florida,MD-OR-PM-10.1,MD-OR-PM-10.1,palmata,Toth et al. 2021 (SFCRT),"Toth et al., 2019;Modys et al., 2024",14C,5.138,1950,5.12,0.2305,4830.0,70.0,-166.06,28.9,Marine20,yes,<Flags(allows_duplicate_labels=True)>,,Florida_Main_Reef,5.12,yes
Florida,MD-OR-PM-11.0a,MD-OR-PM-11.0a,palmata,Toth et al. 2021 (SFCRT),"Toth et al., 2019;Modys et al., 2024",14C,5.79,1950,5.786,0.2305,5410.0,90.0,-159.88,28.81,Marine20,yes,<Flags(allows_duplicate_labels=True)>,,Florida_Main_Reef,5.786,yes
Florida,MD-OR-PM-10.7a,MD-OR-PM-10.7a,palmata,Toth et al. 2021 (SFCRT),"Toth et al., 2019;Modys et al., 2024",14C,5.63,1950,5.619,0.2325,5250.0,80.0,-162.44,29.32,Marine20,yes,<Flags(allows_duplicate_labels=True)>,,Florida_Main_Reef,5.619,yes
Florida,MD-IR/OR-PM-6.7,MD-IR/OR-PM-6.7,palmata,Toth et al. 2021 (SFCRT),"Toth et al., 2019;Modys et al., 2024",14C,3.364,1950,3.378,0.145,3470.0,25.0,-161.28,33.69,Marine20,yes,<Flags(allows_duplicate_labels=True)>,,Florida_Main_Reef,3.378,yes
Florida,PMP-51,PMP-51,palmata,Modys et al. 2022,"Modys et al., 2022",U-Th,0.975,1950,0.975,0.006,,,,,,yes,<Flags(allows_duplicate_labels=True)>,,Modys_nearshore_ridge,0.975,yes
Florida,PMP-02C,PMP-02C,palmata,Modys et al. 2022,"Modys et al., 2022",U-Th,1.891,1950,1.891,0.008,,,,,,yes,<Flags(allows_duplicate_labels=True)>,,Modys_nearshore_ridge,1.891,yes
Florida,PMP-05C,PMP-05C,palmata,Modys et al. 2022,"Modys et al., 2022",U-Th,2.272,1950,2.272,0.008,,,,,,yes,<Flags(allows_duplicate_labels=True)>,,Modys_nearshore_ridge,2.272,yes
Florida,PMP-76,PMP-76,palmata,Modys et al. 2022,"Modys et al., 2022",U-Th,2.388,1950,2.388,0.009,,,,,,yes,<Flags(allows_duplicate_labels=True)>,,Modys_nearshore_ridge,2.388,yes
Florida,PMP-64,PMP-64,palmata,Modys et al. 2022,"Modys et al., 2022",U-Th,2.389,1950,2.389,0.005,,,,,,yes,<Flags(allows_duplicate_labels=True)>,,Modys_nearshore_ridge,2.389,yes
Florida,PMP-75,PMP-75,palmata,Modys et al. 2022,"Modys et al., 2022",U-Th,2.436,1950,2.436,0.008,,,,,,yes,<Flags(allows_duplicate_labels=True)>,,Modys_nearshore_ridge,2.436,yes
Florida,PMP-63,PMP-63,palmata,Modys et al. 2022,"Modys et al., 2022",U-Th,2.441,1950,2.441,0.006,,,,,,yes,<Flags(allows_duplicate_labels=True)>,,Modys_nearshore_ridge,2.441,yes
Florida,PMP-61,PMP-61,palmata,Modys et al. 2022,"Modys et al., 2022",U-Th,2.465,1950,2.465,0.006,,,,,,yes,<Flags(allows_duplicate_labels=True)>,,Modys_nearshore_ridge,2.465,yes
Florida,PMP-98,PMP-98,palmata,Modys et al. 2022,"Modys et al., 2022",U-Th,2.642,1950,2.642,0.011,,,,,,yes,<Flags(allows_duplicate_labels=True)>,,Modys_nearshore_ridge,2.642,yes
Florida,PMP-99,PMP-99,palmata,Modys et al. 2022,"Modys et al., 2022",U-Th,2.705,1950,2.705,0.009,,,,,,yes,<Flags(allows_duplicate_labels=True)>,,Modys_nearshore_ridge,2.705,yes
Florida,PMP-42,PMP-42,palmata,Modys et al. 2022,"Modys et al., 2022",U-Th,2.811,1950,2.811,0.004,,,,,,yes,<Flags(allows_duplicate_labels=True)>,,Modys_nearshore_ridge,2.811,yes
Florida,PMP-04C,PMP-04C,palmata,Modys et al. 2022,"Modys et al., 2022",U-Th,3.017,1950,3.017,0.008,,,,,,yes,<Flags(allows_duplicate_labels=True)>,,Modys_nearshore_ridge,3.017,yes
Florida,PMP-01C,PMP-01C,palmata,Modys et al. 2022,"Modys et al., 2022",U-Th,3.089,1950,3.089,0.011,,,,,,yes,<Flags(allows_duplicate_labels=True)>,,Modys_nearshore_ridge,3.089,yes
Florida,PMP-97,PMP-97,palmata,Modys et al. 2022,"Modys et al., 2022",U-Th,3.13,1950,3.13,0.01,,,,,,yes,<Flags(allows_duplicate_labels=True)>,,Modys_nearshore_ridge,3.13,yes
Florida,PMP-96,PMP-96,palmata,Modys et al. 2022,"Modys et al., 2022",U-Th,3.141,1950,3.141,0.033,,,,,,yes,<Flags(allows_duplicate_labels=True)>,,Modys_nearshore_ridge,3.141,yes
Florida,PMP-53,PMP-53,palmata,Modys et al. 2022,"Modys et al., 2022",U-Th,3.151,1950,3.151,0.009,,,,,,yes,<Flags(allows_duplicate_labels=True)>,,Modys_nearshore_ridge,3.151,yes
Florida,PMP-40,PMP-40,palmata,Modys et al. 2022,"Modys et al., 2022",U-Th,3.153,1950,3.153,0.007,,,,,,yes,<Flags(allows_duplicate_labels=True)>,,Modys_nearshore_ridge,3.153,yes
Florida,PMP-74,PMP-74,palmata,Modys et al. 2022,"Modys et al., 2022",U-Th,3.372,1950,3.372,0.012,,,,,,yes,<Flags(allows_duplicate_labels=True)>,,Modys_nearshore_ridge,3.372,yes
Florida,PT-100,PT-100,palmata,Modys et al. 2022,"Modys et al., 2022",U-Th,2.342,1950,2.342,0.004,,,,,,yes,<Flags(allows_duplicate_labels=True)>,,Modys_nearshore_ridge,2.342,yes
Florida,PT-101,PT-101,palmata,Modys et al. 2022,"Modys et al., 2022",U-Th,2.319,1950,2.319,0.007,,,,,,yes,<Flags(allows_duplicate_labels=True)>,,Modys_nearshore_ridge,2.319,yes
Florida,PT-102,PT-102,palmata,Modys et al. 2022,"Modys et al., 2022",U-Th,1.96,1950,1.96,0.004,,,,,,yes,<Flags(allows_duplicate_labels=True)>,,Modys_nearshore_ridge,1.96,yes
Florida,Ap23-LK-T2,Ap23-LK-T2,palmata,Stathakopoulos et al. 2025,"Stathakopoulos et al., 2025",U-Th,2.617,1950,2.617,0.007,,,,,,yes,<Flags(allows_duplicate_labels=True)>,,Dry_Tortugas,2.617,yes
Florida,Ap23-BK-2,Ap23-BK-2,palmata,Stathakopoulos et al. 2025,"Stathakopoulos et al., 2025",U-Th,3.676,1950,3.676,0.007,,,,,,yes,<Flags(allows_duplicate_labels=True)>,,Dry_Tortugas,3.676,yes
Florida,Ap23-BK-3,Ap23-BK-3,palmata,Stathakopoulos et al. 2025,"Stathakopoulos et al., 2025",U-Th,3.745,1950,3.745,0.006,,,,,,yes,<Flags(allows_duplicate_labels=True)>,,Dry_Tortugas,3.745,yes
Florida,Ap23-BK-4,Ap23-BK-4,palmata,Stathakopoulos et al. 2025,"Stathakopoulos et al., 2025",U-Th,4.042,1950,4.042,0.018,,,,,,yes,<Flags(allows_duplicate_labels=True)>,,Dry_Tortugas,4.042,yes
Florida,Ap23-BK-6,Ap23-BK-6,palmata,Stathakopoulos et al. 2025,"Stathakopoulos et al., 2025",U-Th,4.141,1950,4.141,0.007,,,,,,yes,<Flags(allows_duplicate_labels=True)>,,Dry_Tortugas,4.141,yes
Florida,Ap23-BK-7,Ap23-BK-7,palmata,Stathakopoulos et al. 2025,"Stathakopoulos et al., 2025",U-Th,4.255,1950,4.255,0.023,,,,,,yes,<Flags(allows_duplicate_labels=True)>,,Dry_Tortugas,4.255,yes
Florida,Ap23-BK-9W,Ap23-BK-9W,palmata,Stathakopoulos et al. 2025,"Stathakopoulos et al., 2025",U-Th,4.175,1950,4.175,0.007,,,,,,yes,<Flags(allows_duplicate_labels=True)>,,Dry_Tortugas,4.175,yes
Florida,Ap23-BK-11W,Ap23-BK-11W,palmata,Stathakopoulos et al. 2025,"Stathakopoulos et al., 2025",U-Th,4.147,1950,4.147,0.007,,,,,,yes,<Flags(allows_duplicate_labels=True)>,,Dry_Tortugas,4.147,yes
Florida,Ap23-PW-2,Ap23-PW-2,palmata,Stathakopoulos et al. 2025,"Stathakopoulos et al., 2025",U-Th,1.017,1950,1.017,0.004,,,,,,yes,<Flags(allows_duplicate_labels=True)>,,Dry_Tortugas,1.017,yes
Florida,Ap23-PLS-1,Ap23-PLS-1,palmata,Stathakopoulos et al. 2025,"Stathakopoulos et al., 2025",U-Th,4.162,1950,4.162,0.012,,,,,,yes,<Flags(allows_duplicate_labels=True)>,,Dry_Tortugas,4.162,yes
Florida,DT-PL-Ap-2B,DT-PL-Ap-2B,palmata,Stathakopoulos et al. 2025,"Stathakopoulos et al., 2025",14C,4.289,1950,4.289,0.18,4140.0,30.0,-204.33,18.72,Marine20,yes,<Flags(allows_duplicate_labels=True)>,,Dry_Tortugas,4.289,yes
Florida,DT-PL-Ap-3,DT-PL-Ap-3,palmata,Stathakopoulos et al. 2025,"Stathakopoulos et al., 2025",14C,4.216,1950,4.216,0.1705,4090.0,20.0,-198.58,18.39,Marine20,yes,<Flags(allows_duplicate_labels=True)>,,Dry_Tortugas,4.216,yes
Florida,DT-PL-Ap-7,DT-PL-Ap-7,palmata,Stathakopoulos et al. 2025,"Stathakopoulos et al., 2025",14C,4.396,1950,4.396,0.1765,4215.0,25.0,-211.79,19.17,Marine20,yes,<Flags(allows_duplicate_labels=True)>,,Dry_Tortugas,4.396,yes
Florida,Ap18-PLS-1,Ap18-PLS-1,palmata,Stathakopoulos et al. 2025,"Stathakopoulos et al., 2025",14C,4.232,1950,4.232,0.1665,4100.0,20.0,-199.77,18.46,Marine20,yes,<Flags(allows_duplicate_labels=True)>,,Dry_Tortugas,4.232,yes
Florida,Ap18-PLS-2,Ap18-PLS-2,palmata,Stathakopoulos et al. 2025,"Stathakopoulos et al., 2025",14C,4.317,1950,4.317,0.1705,4160.0,20.0,-206.46,18.84,Marine20,yes,<Flags(allows_duplicate_labels=True)>,,Dry_Tortugas,4.317,yes
Florida,Ap18-PLS-3,Ap18-PLS-3,palmata,Stathakopoulos et al. 2025,"Stathakopoulos et al., 2025",14C,4.317,1950,4.317,0.1705,4160.0,20.0,-206.46,18.84,Marine20,yes,<Flags(allows_duplicate_labels=True)>,,Dry_Tortugas,4.317,yes
Florida,Ap18-PLN-1,Ap18-PLN-1,palmata,Stathakopoulos et al. 2025,"Stathakopoulos et al., 2025",14C,4.002,1950,4.002,0.166,3950.0,20.0,-180.28,17.23,Marine20,yes,<Flags(allows_duplicate_labels=True)>,,Dry_Tortugas,4.002,yes
Florida,Ap18-PLN-2,Ap18-PLN-2,palmata,Stathakopoulos et al. 2025,"Stathakopoulos et al., 2025",14C,4.345,1950,4.345,0.1705,4180.0,20.0,-208.49,18.96,Marine20,yes,<Flags(allows_duplicate_labels=True)>,,Dry_Tortugas,4.345,yes
Florida,DT-PL-2-0,DT-PL-2-0,palmata,Stathakopoulos et al. 2025,"Stathakopoulos et al., 2025",14C,4.247,1950,4.247,0.1645,4110.0,20.0,-200.95,18.886833,Marine20,yes,<Flags(allows_duplicate_labels=True)>,,Dry_Tortugas,4.247,yes
Florida,DT-PL-3-2.5,DT-PL-3-2.5,palmata,Stathakopoulos et al. 2025,"Stathakopoulos et al., 2025",14C,3.762,1950,3.762,0.163,3790.0,20.0,-158.8,17.105691,Marine20,yes,<Flags(allows_duplicate_labels=True)>,,Dry_Tortugas,3.762,yes
Florida,DT-PL-3-10,DT-PL-3-10,palmata,Stathakopoulos et al. 2025,"Stathakopoulos et al., 2025",14C,4.503,1950,4.503,0.193,4290.0,30.0,-217.95,19.56831,Marine20,yes,<Flags(allows_duplicate_labels=True)>,,Dry_Tortugas,4.503,yes
Florida,Ap18-South-1,Ap18-South-1,palmata,Stathakopoulos et al. 2025,"Stathakopoulos et al., 2025",14C,4.374,1950,4.374,0.1725,4200.0,20.0,-210.41,19.08,Marine20,yes,<Flags(allows_duplicate_labels=True)>,,Dry_Tortugas,4.374,yes
Florida,Ap18-South-2,Ap18-South-2,palmata,Stathakopoulos et al. 2025,"Stathakopoulos et al., 2025",14C,4.345,1950,4.345,0.1705,4180.0,20.0,-208.49,18.96,Marine20,yes,<Flags(allows_duplicate_labels=True)>,,Dry_Tortugas,4.345,yes
Florida,DT-PW-Ap-1,DT-PW-Ap-1,palmata,Stathakopoulos et al. 2025,"Stathakopoulos et al., 2025",14C,2.859,1950,2.859,0.146,3100.0,20.0,-119.53,24.01,Marine20,yes,<Flags(allows_duplicate_labels=True)>,,Dry_Tortugas,2.859,yes
Florida,Ap18-PW-1,Ap18-PW-1,palmata,Stathakopoulos et al. 2025,"Stathakopoulos et al., 2025",14C,2.767,1950,2.767,0.145,3010.0,20.0,-120.53,23.06,Marine20,yes,<Flags(allows_duplicate_labels=True)>,,Dry_Tortugas,2.767,yes
Florida,Ap18-PW-2,Ap18-PW-2,palmata,Stathakopoulos et al. 2025,"Stathakopoulos et al., 2025",14C,2.724,1950,2.724,0.153,2970.0,20.0,-121.44,22.48,Marine20,yes,<Flags(allows_duplicate_labels=True)>,,Dry_Tortugas,2.724,yes
Florida,Ap18-MB-1,Ap18-MB-1,palmata,Stathakopoulos et al. 2025,"Stathakopoulos et al., 2025",14C,2.797,1950,2.797,0.1355,3040.0,20.0,-120.04,23.44,Marine20,yes,<Flags(allows_duplicate_labels=True)>,,Dry_Tortugas,2.797,yes
Florida,Ap18-EK-1,Ap18-EK-1,palmata,Stathakopoulos et al. 2025,"Stathakopoulos et al., 2025",14C,4.289,1950,4.289,0.1745,4140.0,25.0,-204.33,18.72,Marine20,yes,<Flags(allows_duplicate_labels=True)>,,Dry_Tortugas,4.289,yes
Florida,Ap18-EK-2,Ap18-EK-2,palmata,Stathakopoulos et al. 2025,"Stathakopoulos et al., 2025",14C,4.093,1950,4.093,0.1755,4010.0,20.0,-188.39,17.79,Marine20,yes,<Flags(allows_duplicate_labels=True)>,,Dry_Tortugas,4.093,yes
Florida,Ap18-EK-3,Ap18-EK-3,palmata,Stathakopoulos et al. 2025,"Stathakopoulos et al., 2025",14C,3.483,1950,3.483,0.1515,3590.0,25.0,-137.69,17.92,Marine20,yes,<Flags(allows_duplicate_labels=True)>,,Dry_Tortugas,3.483,yes
Florida,Ap18-EK-4,Ap18-EK-4,palmata,Stathakopoulos et al. 2025,"Stathakopoulos et al., 2025",14C,4.186,1950,4.186,0.183,4070.0,25.0,-196.12,18.25,Marine20,yes,<Flags(allows_duplicate_labels=True)>,,Dry_Tortugas,4.186,yes
Florida,Ap18-EK-5,Ap18-EK-5,palmata,Stathakopoulos et al. 2025,"Stathakopoulos et al., 2025",14C,4.061,1950,4.061,0.176,3990.0,25.0,-185.71,17.61,Marine20,yes,<Flags(allows_duplicate_labels=True)>,,Dry_Tortugas,4.061,yes
Florida,Ap-SE-N1,Ap-SE-N1,palmata,Stathakopoulos et al. 2025,"Stathakopoulos et al., 2025",14C,3.69,1950,3.69,0.162,3740.0,20.0,-152.69,15.87,Marine20,yes,<Flags(allows_duplicate_labels=True)>,,Dry_Tortugas,3.69,yes
Florida,Ap-SE-N2,Ap-SE-N2,palmata,Stathakopoulos et al. 2025,"Stathakopoulos et al., 2025",14C,3.852,1950,3.852,0.1695,3850.0,20.0,-166.64,16.26,Marine20,yes,<Flags(allows_duplicate_labels=True)>,,Dry_Tortugas,3.852,yes
Florida,Ap-SE-N3,Ap-SE-N3,palmata,Stathakopoulos et al. 2025,"Stathakopoulos et al., 2025",14C,3.469,1950,3.469,0.143,3580.0,15.0,-136.88,18.14,Marine20,yes,<Flags(allows_duplicate_labels=True)>,,Dry_Tortugas,3.469,yes
Florida,Ap-SE-S1,Ap-SE-S1,palmata,Stathakopoulos et al. 2025,"Stathakopoulos et al., 2025",14C,2.858,1950,2.858,0.143,3100.0,15.0,-119.53,24.01,Marine20,yes,<Flags(allows_duplicate_labels=True)>,,Dry_Tortugas,2.858,yes
Florida,Ap-SE-S2,Ap-SE-S2,palmata,Stathakopoulos et al. 2025,"Stathakopoulos et al., 2025",14C,2.894,1950,2.894,0.1515,3130.0,15.0,-119.51,24.19,Marine20,yes,<Flags(allows_duplicate_labels=True)>,,Dry_Tortugas,2.894,yes
Florida,Ap-SE-S3,Ap-SE-S3,palmata,Stathakopoulos et al. 2025,"Stathakopoulos et al., 2025",14C,4.29,1950,4.29,0.1695,4140.0,20.0,-204.33,18.72,Marine20,yes,<Flags(allows_duplicate_labels=True)>,,Dry_Tortugas,4.29,yes
Florida,Ap-SE-S4,Ap-SE-S4,palmata,Stathakopoulos et al. 2025,"Stathakopoulos et al., 2025",14C,4.261,1950,4.261,0.1645,4120.0,20.0,-202.1,18.59,Marine20,yes,<Flags(allows_duplicate_labels=True)>,,Dry_Tortugas,4.261,yes
Florida,Ap23-LK-S1,Ap23-LK-S1,palmata,Stathakopoulos et al. 2025,"Stathakopoulos et al., 2025",14C,1.242,1950,1.242,0.1285,1630.0,15.0,-216.07,24.07,Marine20,yes,<Flags(allows_duplicate_labels=True)>,,Dry_Tortugas,1.242,yes
Florida,Ap23-LK-S2,Ap23-LK-S2,palmata,Stathakopoulos et al. 2025,"Stathakopoulos et al., 2025",14C,1.645,1950,1.645,0.146,2020.0,15.0,-204.71,22.7,Marine20,yes,<Flags(allows_duplicate_labels=True)>,,Dry_Tortugas,1.645,yes
Florida,Ap23-LK-S4,Ap23-LK-S4,palmata,Stathakopoulos et al. 2025,"Stathakopoulos et al., 2025",14C,0.374,1950,0.374,0.122,685.0,15.0,-229.19,25.57,Marine20,yes,<Flags(allows_duplicate_labels=True)>,,Dry_Tortugas,0.374,yes
Florida,Ap23-LK-T3,Ap23-LK-T3,palmata,Stathakopoulos et al. 2025,"Stathakopoulos et al., 2025",14C,2.984,1950,2.984,0.169,3200.0,20.0,-120.01,24.3,Marine20,yes,<Flags(allows_duplicate_labels=True)>,,Dry_Tortugas,2.984,yes
Florida,Ap23-BK-1,Ap23-BK-1,palmata,Stathakopoulos et al. 2025,"Stathakopoulos et al., 2025",14C,3.762,1950,3.762,0.163,3790.0,20.0,-158.8,15.89,Marine20,yes,<Flags(allows_duplicate_labels=True)>,,Dry_Tortugas,3.762,yes
Florida,Ap23-BK-5,Ap23-BK-5,palmata,Stathakopoulos et al. 2025,"Stathakopoulos et al., 2025",14C,4.276,1950,4.276,0.166,4130.0,20.0,-203.23,18.65,Marine20,yes,<Flags(allows_duplicate_labels=True)>,,Dry_Tortugas,4.276,yes
Florida,Ap23-BK-10W,Ap23-BK-10W,palmata,Stathakopoulos et al. 2025,"Stathakopoulos et al., 2025",14C,4.232,1950,4.232,0.1665,4100.0,20.0,-199.77,18.46,Marine20,yes,<Flags(allows_duplicate_labels=True)>,,Dry_Tortugas,4.232,yes
Florida,Ap23-PW-3,Ap23-PW-3,palmata,Stathakopoulos et al. 2025,"Stathakopoulos et al., 2025",14C,2.505,1950,2.505,0.1635,2780.0,15.0,-130.31,19.64,Marine20,yes,<Flags(allows_duplicate_labels=True)>,,Dry_Tortugas,2.505,yes
