"scen","panel","n","best","w_best","dAIC_M1","dev","climate_terms_p","aic_all"
"ORIG_01","Punta Maroma",31,"M5_av",0.61,38.5,89,"s(GMHT_CPS0_30N)=0.00177; s(dT_raw)=0.127; s(Hur100_av)=0; Hydro=0.00459","M1:-26.6 M2:-34.8 M3:-34.8 M4_fqcy:-34.9 M5_fqcy:-45.1 M6_fqcy:-41.9 M4_av:-55.5 M5_av:-65.1 M6_av:-64.2"
"ORIG_01","Florida",45,"M4_av",0.27,2.8,28.7,"s(GMHT_CPS0_30N)=0.0783; s(dT_raw)=0.563; s(Hur100_av)=0.00921","M1:-11.2 M2:-11.2 M3:-11.2 M4_fqcy:-11.2 M5_fqcy:-13.1 M6_fqcy:-8.3 M7_fqcy:-7.2 M4_av:-14.0 M5_av:-13.8 M6_av:-8.4 M7_av:-7.7"
"ORIG_01","Belize",27,"M4_av",0.44,12.5,61.9,"s(GMHT_CPS0_30N)=0.00275; s(dT_raw)=0.778; s(Hur100_av)=0.00042","M1:-4.8 M2:-13.0 M3:-13.0 M4_fqcy:-15.1 M5_fqcy:-11.2 M6_fqcy:-13.4 M7_fqcy:-14.1 M4_av:-17.4 M5_av:-12.9 M6_av:-9.3 M7_av:-14.1"
"ORIG_01","Saint Croix",18,"M4_fqcy",0.25,3,58.3,"s(GMHT_CPS0_30N)=0.498; s(dT_raw)=0.00925; s(Hur100_fqcy)=0.0317","M1:-7.6 M2:-7.6 M3:-7.6 M4_fqcy:-10.5 M5_fqcy:-9.7 M6_fqcy:-6.6 M4_av:-8.0 M5_av:-8.4 M6_av:-10.3"
"ORIG_01","Regional",58,"M4_av",0.29,9,26.6,"s(GMHT_CPS0_30N)=0.0515; s(dT_raw)=0.341; s(Hur100_av)=0.00184","M1:-15.2 M2:-21.4 M3:-21.4 M4_fqcy:-21.8 M5_fqcy:-19.1 M6_fqcy:-19.9 M7_fqcy:-23.3 M4_av:-24.2 M5_av:-20.4 M6_av:-19.0 M7_av:-23.2"
"CORR_01","Punta Maroma",31,"M4_av",0.5,56.5,89.8,"s(GMHT_CPS0_30N)=0.712; s(dT_raw)=0.928; s(Hur100_av)=0","M1:-32.3 M2:-41.1 M3:-41.8 M4_fqcy:-79.3 M5_fqcy:-80.8 M6_fqcy:-87.1 M7_fqcy:-83.0 M4_av:-88.8 M5_av:-85.6 M6_av:-86.0 M7_av:-83.0"
"CORR_01","Florida",44,"M4_fqcy",0.23,0.6,16.5,"s(GMHT_CPS0_30N)=0.116; s(dT_raw)=0.47; s(Hur100_fqcy)=0.0806","M1:-5.1 M2:-4.7 M3:-4.7 M4_fqcy:-5.7 M5_fqcy:-3.6 M6_fqcy:-0.3 M7_fqcy:1.7 M4_av:-4.7 M5_av:-3.2 M6_av:-0.3 M7_av:1.7"
"CORR_01","Belize",24,"M4_av",0.66,12.5,68.6,"s(GMHT_CPS0_30N)=3.68e-05; s(dT_raw)=0.00604; s(Hur100_av)=0.000625","M1:-1.9 M2:-4.5 M3:-9.0 M4_fqcy:-10.9 M5_fqcy:-8.5 M6_fqcy:-4.2 M7_fqcy:-7.5 M4_av:-14.3 M5_av:-10.2 M6_av:-4.9 M7_av:-7.5"
"CORR_01","Saint Croix",19,"M7_av",0.99,15.6,91.4,"s(GMHT_CPS0_30N)=0.813; s(dT_raw)=0.00247; s(Hur100_av)=0.00015; Hydro=3.85e-05; Thermal=0.187; Hurricane=1.09e-05","M1:-5.8 M2:-5.9 M3:-6.8 M4_fqcy:-3.7 M5_fqcy:-7.0 M6_fqcy:-2.1 M7_fqcy:-8.4 M4_av:-5.7 M5_av:-8.7 M6_av:-4.1 M7_av:-21.4"
"CORR_01","Regional",57,"M4_av",0.72,30,53.2,"s(GMHT_CPS0_30N)=0.197; s(dT_raw)=0.791; s(Hur100_av)=2.28e-06","M1:-37.7 M2:-45.7 M3:-45.7 M4_fqcy:-63.2 M5_fqcy:-59.6 M6_fqcy:-55.8 M7_fqcy:-53.8 M4_av:-67.7 M5_av:-64.7 M6_av:-61.4 M7_av:-57.7"
"CORR_BZdR","Punta Maroma",31,"M4_av",0.5,56.5,89.8,"s(GMHT_CPS0_30N)=0.712; s(dT_raw)=0.928; s(Hur100_av)=0","M1:-32.3 M2:-41.1 M3:-41.8 M4_fqcy:-79.3 M5_fqcy:-80.8 M6_fqcy:-87.1 M7_fqcy:-83.0 M4_av:-88.8 M5_av:-85.6 M6_av:-86.0 M7_av:-83.0"
"CORR_BZdR","Florida",44,"M4_fqcy",0.23,0.6,16.5,"s(GMHT_CPS0_30N)=0.116; s(dT_raw)=0.47; s(Hur100_fqcy)=0.0806","M1:-5.1 M2:-4.7 M3:-4.7 M4_fqcy:-5.7 M5_fqcy:-3.6 M6_fqcy:-0.3 M7_fqcy:1.7 M4_av:-4.7 M5_av:-3.2 M6_av:-0.3 M7_av:1.7"
"CORR_BZdR","Belize",24,"M4_av",0.27,5.9,47.9,"s(GMHT_CPS0_30N)=0.06; s(dT_raw)=0.822; s(Hur100_av)=0.0111","M1:-1.8 M2:-4.7 M3:-4.6 M4_fqcy:-6.2 M5_fqcy:-3.3 M6_fqcy:-1.4 M7_fqcy:-7.0 M4_av:-7.6 M5_av:-3.7 M6_av:-1.1 M7_av:-6.8"
"CORR_BZdR","Saint Croix",19,"M7_av",0.99,15.6,91.4,"s(GMHT_CPS0_30N)=0.813; s(dT_raw)=0.00247; s(Hur100_av)=0.00015; Hydro=3.85e-05; Thermal=0.187; Hurricane=1.09e-05","M1:-5.8 M2:-5.9 M3:-6.8 M4_fqcy:-3.7 M5_fqcy:-7.0 M6_fqcy:-2.1 M7_fqcy:-8.4 M4_av:-5.7 M5_av:-8.7 M6_av:-4.1 M7_av:-21.4"
"CORR_BZdR","Regional",57,"M4_av",0.5,32.3,57.4,"s(GMHT_CPS0_30N)=0.0749; s(dT_raw)=0.903; s(Hur100_av)=5.97e-07","M1:-37.0 M2:-46.4 M3:-46.2 M4_fqcy:-59.8 M5_fqcy:-56.2 M6_fqcy:-54.8 M7_fqcy:-51.2 M4_av:-69.4 M5_av:-66.3 M6_av:-66.9 M7_av:-67.8"
"ORIG_02a","Punta Maroma",20,"M4_av",0.48,26,89.6,"s(GMHT_CPS0_30N)=0.494; s(dT_raw)=0.00134; s(Hur100_av)=0","M1:-10.3 M2:-18.2 M3:-18.2 M4_fqcy:-32.0 M5_fqcy:-29.2 M6_fqcy:-28.6 M4_av:-36.3 M5_av:-35.0 M6_av:-34.4"
"ORIG_02a","Florida",28,"M5_av",0.22,2.5,23.7,"s(GMHT_CPS0_30N)=0.0939; s(dT_raw)=0.944; s(Hur100_av)=0.446; Hydro=0.0374","M1:-3.4 M2:-3.4 M3:-3.5 M4_fqcy:-3.6 M5_fqcy:-5.9 M6_fqcy:-3.2 M7_fqcy:-3.2 M4_av:-3.3 M5_av:-5.9 M6_av:-3.2 M7_av:-3.2"
"ORIG_02a","Belize",21,"M4_av",0.41,18.2,72.5,"s(GMHT_CPS0_30N)=0.256; s(dT_raw)=0.463; s(Hur100_av)=4.96e-05","M1:-6.1 M2:-14.7 M3:-15.0 M4_fqcy:-23.9 M5_fqcy:-20.7 M6_fqcy:-17.6 M4_av:-24.4 M5_av:-22.3 M6_av:-18.2"
"ORIG_02a","Saint Croix",13,"M6_fqcy",1,100.7,100,"s(GMHT_CPS0_30N)=0; s(dT_raw)=0; s(Hur100_fqcy)=0; Hydro=0; Thermal=0","M1:0.9 M2:0.9 M3:0.7 M4_fqcy:-1.4 M5_fqcy:1.8 M6_fqcy:-99.8 M4_av:0.2 M5_av:1.0 M6_av:-44.2"
"ORIG_02a","Regional",30,"M4_av",0.36,12.9,53.2,"s(GMHT_CPS0_30N)=0.0222; s(dT_raw)=0.765; s(Hur100_av)=0.00197","M1:-4.2 M2:-13.7 M3:-13.7 M4_fqcy:-17.0 M5_fqcy:-13.6 M6_fqcy:-11.4 M4_av:-17.1 M5_av:-13.9 M6_av:-11.0"
"CORR_02a","Punta Maroma",21,"M4_fqcy",0.68,35.5,92.3,"s(GMHT_CPS0_30N)=0.227; s(dT_raw)=0.0107; s(Hur100_fqcy)=0","M1:-15.8 M2:-34.8 M3:-33.9 M4_fqcy:-51.3 M5_fqcy:-48.2 M6_fqcy:-44.8 M4_av:-47.0 M5_av:-46.0 M6_av:-44.4"
"CORR_02a","Florida",28,"M5_av",0.17,0.7,18.4,"s(GMHT_CPS0_30N)=0.107; s(dT_raw)=0.757; s(Hur100_av)=0.608; Hydro=0.135","M1:1.0 M2:0.8 M3:0.8 M4_fqcy:1.0 M5_fqcy:0.4 M6_fqcy:5.0 M7_fqcy:5.8 M4_av:1.0 M5_av:0.3 M6_av:5.0 M7_av:5.8"
"CORR_02a","Belize",17,"M5_av",0.73,35.8,96,"s(GMHT_CPS0_30N)=0; s(dT_raw)=0.711; s(Hur100_av)=7.5e-06; Hydro=5.64e-07","M1:-0.8 M2:-17.3 M3:-17.3 M4_fqcy:-23.5 M5_fqcy:-34.6 M6_fqcy:-25.0 M4_av:-20.2 M5_av:-36.7 M6_av:-29.4"
"CORR_02a","Saint Croix",14,"M4_av",0.28,4.3,60.1,"s(GMHT_CPS0_30N)=0.627; s(dT_raw)=0.00492; s(Hur100_av)=0.92","M1:-2.6 M2:-2.7 M3:-5.9 M4_fqcy:-6.9 M5_fqcy:-4.5 M6_fqcy:-1.2 M4_av:-6.9 M5_av:-4.5 M6_av:-1.2"
"CORR_02a","Regional",30,"M4_fqcy",0.28,21.1,68.2,"s(GMHT_CPS0_30N)=0.00994; s(dT_raw)=0.959; s(Hur100_fqcy)=0.000255","M1:-8.3 M2:-21.1 M3:-21.1 M4_fqcy:-29.4 M5_fqcy:-26.5 M6_fqcy:-28.9 M4_av:-29.0 M5_av:-26.0 M6_av:-27.9"
"CORR_02b","Punta Maroma",20,"M4_av",0.73,27.9,85.6,"s(GMHT_CPS0_30N)=0.553; s(dT_raw)=0.501; s(Hur100_av)=0","M1:-16.4 M2:-38.8 M3:-35.0 M4_fqcy:-16.9 M5_fqcy:-28.3 M6_fqcy:-29.8 M4_av:-44.2 M5_av:-40.8 M6_av:-39.8"
"CORR_02b","Florida",26,"M4_fqcy",0.4,3,33.5,"s(GMHT_CPS0_30N)=0.255; s(dT_raw)=0.438; s(Hur100_fqcy)=0.0142","M1:-0.3 M2:-0.2 M3:-0.2 M4_fqcy:-3.3 M5_fqcy:-1.6 M6_fqcy:1.5 M7_fqcy:3.6 M4_av:-0.1 M5_av:1.0 M6_av:4.8 M7_av:6.7"
"CORR_02b","Belize",21,"M3",0.36,23.7,87.2,"s(GMHT_CPS0_30N)=0.00394; s(dT_raw)=3.36e-06","M1:-8.6 M2:-17.8 M3:-32.3 M4_fqcy:-27.0 M5_fqcy:-24.7 M6_fqcy:-27.3 M4_av:-32.1 M5_av:-29.4 M6_av:-30.9"
"CORR_02b","Saint Croix",16,"M2",0.18,0,1.7,"s(GMHT_CPS0_30N)=0.962","M1:-1.5 M2:-1.5 M3:-1.5 M4_fqcy:-1.3 M5_fqcy:0.7 M6_fqcy:5.0 M4_av:-1.3 M5_av:0.7 M6_av:5.0"
"CORR_02b","Regional",29,"M4_av",0.5,31.2,82.9,"s(GMHT_CPS0_30N)=0.0073; s(dT_raw)=0.00816; s(Hur100_av)=-4.34e-07","M1:-12.1 M2:-25.7 M3:-31.8 M4_fqcy:-33.1 M5_fqcy:-31.6 M6_fqcy:-34.1 M4_av:-43.2 M5_av:-40.2 M6_av:-42.7"
"CORR_climP","Punta Maroma",30,"M4_fqcy",0.28,1.8,11.9,"s(GMHT_CPS0_30N)=0.564; s(dT_raw)=0.399; s(Hur100_fqcy)=0.0279","M1:-80.7 M2:-80.7 M3:-80.7 M4_fqcy:-82.4 M5_fqcy:-79.7 M4_av:-81.8 M5_av:-79.9"
"CORR_climP","Florida",43,"M4_fqcy",0.19,0.5,14.8,"s(GMHT_CPS0_30N)=0.33; s(dT_raw)=0.184; s(Hur100_fqcy)=0.08","M1:-4.2 M2:-4.2 M3:-4.2 M4_fqcy:-4.7 M5_fqcy:-2.8 M6_fqcy:0.4 M7_fqcy:-0.7 M4_av:-4.4 M5_av:-2.6 M6_av:0.8 M7_av:0.1"
"CORR_climP","Belize",23,"M4_av",0.78,22.5,78.6,"s(GMHT_CPS0_30N)=0; s(dT_raw)=0.798; s(Hur100_av)=6.5e-05","M1:-0.6 M2:-13.3 M3:-13.4 M4_fqcy:-18.2 M5_fqcy:-14.4 M6_fqcy:-11.3 M7_fqcy:-14.4 M4_av:-23.1 M5_av:-19.0 M6_av:-13.8 M7_av:-14.5"
"CORR_climP","Saint Croix",18,"M6_fqcy",0.46,13.8,77.3,"s(GMHT_CPS0_30N)=0.778; s(dT_raw)=0.825; s(Hur100_fqcy)=0.884; Hydro=0.000153; Thermal=0.0025","M1:-4.3 M2:-7.9 M3:-8.3 M4_fqcy:-9.9 M5_fqcy:-10.3 M6_fqcy:-18.1 M7_fqcy:-11.7 M4_av:-9.9 M5_av:-10.3 M6_av:-18.1 M7_av:-11.7"
"CORR_climP","Regional",56,"M1",0.18,0,2.5,"","M1:-60.3 M2:-60.3 M3:-60.3 M4_fqcy:-60.3 M5_fqcy:-56.8 M6_fqcy:-55.6 M7_fqcy:-52.5 M4_av:-60.3 M5_av:-56.8 M6_av:-55.6 M7_av:-52.5"
"CORR_climM","Punta Maroma",31,"M5_fqcy",0.91,56.3,95.5,"s(GMHT_CPS0_30N)=0; s(dT_raw)=2.8e-05; s(Hur100_fqcy)=0; Hydro=8.45e-08","M1:-32.3 M2:-55.3 M3:-55.3 M4_fqcy:-63.0 M5_fqcy:-88.6 M6_fqcy:-80.7 M4_av:-82.9 M5_av:-81.1 M6_av:-76.4"
"CORR_climM","Florida",43,"M4_fqcy",0.25,4,28.2,"s(GMHT_CPS0_30N)=0.0362; s(dT_raw)=0.49; s(Hur100_fqcy)=0.0556","M1:-5.5 M2:-7.9 M3:-7.9 M4_fqcy:-9.5 M5_fqcy:-8.1 M6_fqcy:-6.1 M7_fqcy:-4.5 M4_av:-7.7 M5_av:-8.6 M6_av:-4.4 M7_av:-3.5"
"CORR_climM","Belize",24,"M5_fqcy",0.32,4.3,62.8,"s(GMHT_CPS0_30N)=0.845; s(dT_raw)=0.0716; s(Hur100_fqcy)=0.43; Hydro=0.0402","M1:-1.9 M2:-1.9 M3:-2.7 M4_fqcy:-3.4 M5_fqcy:-6.2 M6_fqcy:-1.8 M4_av:-3.4 M5_av:-6.2 M6_av:-1.8"
"CORR_climM","Saint Croix",19,"M4_fqcy",0.25,0.8,56.8,"s(GMHT_CPS0_30N)=0.106; s(dT_raw)=0.871; s(Hur100_fqcy)=0.0655","M1:-5.8 M2:-5.2 M3:-5.5 M4_fqcy:-6.6 M5_fqcy:-3.2 M6_fqcy:-2.5 M4_av:-6.0 M5_av:-3.1 M6_av:-0.3"
"CORR_climM","Regional",56,"M6_av",0.45,30,68.8,"s(GMHT_CPS0_30N)=0.0106; s(dT_raw)=0.000861; s(Hur100_av)=1.28e-05; Hydro=0.621; Thermal=0.0425","M1:-36.7 M2:-46.4 M3:-47.8 M4_fqcy:-56.9 M5_fqcy:-53.3 M6_fqcy:-62.2 M4_av:-66.6 M5_av:-62.8 M6_av:-66.7"
