"panel","bw","age","sampling","age_over_sampling"
"Belize",0.05,1.48,2.3,0.64
"Belize",0.09,0.95,2.05,0.46
"Belize",0.15,0.6,1.75,0.34
"Florida",0.05,1.17,1.75,0.67
"Florida",0.09,0.74,1.38,0.54
"Florida",0.15,0.47,1.11,0.42
"Punta Maroma",0.05,0.49,1.96,0.25
"Punta Maroma",0.09,0.24,1.63,0.15
"Punta Maroma",0.15,0.12,1.32,0.09
"Regional",0.05,1.08,1.46,0.74
"Regional",0.09,0.68,1.13,0.6
"Regional",0.15,0.43,0.89,0.48
"Saint Croix",0.05,2.81,2.71,1.04
"Saint Croix",0.09,1.79,2.45,0.73
"Saint Croix",0.15,1.1,2.15,0.51
