"panel","scen","B","sel_v4","sel_corr","sel_M1","top","top_f","dAIC_med","dAIC_lo","dAIC_hi","p_dAIC_gt2","dev_med"
"Belize","A",291,0.216494845360825,0.216494845360825,0,"M7_fqcy",0.247422680412371,20.6511034895985,5.00474444383293,54.7112897387601,0.996563573883162,0.859208180550629
"Florida","A",291,0.199312714776632,0.206185567010309,0.11340206185567,"M4_fqcy",0.206185567010309,1.49971247732021,0,18.7503355976744,0.40893470790378,0.175600344578191
"Punta Maroma","A",291,0.0103092783505155,0.542955326460481,0,"M4_av",0.542955326460481,56.6251652700261,46.413433254511,72.7417086659463,1,0.911633959199559
"Regional","A",291,0.676975945017182,0.676975945017182,0,"M4_av",0.676975945017182,30.9124704178222,17.3430711471546,47.1167306789734,1,0.560211139970162
"Saint Croix","A",291,0.0859106529209622,0.171821305841924,0.0687285223367698,"M7_av",0.171821305841924,7.7704612321981,0,237.670969514229,0.745704467353952,0.806196736741608
"Belize","B",195,0.117948717948718,0.117948717948718,0.0307692307692308,"M4_fqcy",0.148717948717949,12.3125350159442,0,121.378038358054,0.861538461538462,0.843455094517913
"Florida","B",195,0.194871794871795,0.251282051282051,0.123076923076923,"M4_fqcy",0.251282051282051,1.23319181358223,0,10.468044341514,0.4,0.21695069274894
"Punta Maroma","B",195,0.0461538461538462,0.312820512820513,0,"M4_av",0.312820512820513,33.1331260680351,11.680968181453,64.2721726976428,1,0.896888336299356
"Regional","B",195,0.753846153846154,0.753846153846154,0,"M4_av",0.753846153846154,26.0989006020721,5.91169243431387,42.3296892932458,0.984615384615385,0.53687524893328
"Saint Croix","B",195,0.0512820512820513,0.164102564102564,0.0769230769230769,"M3",0.256410256410256,8.29453796553492,0,232.556083112593,0.728205128205128,0.886045302759665
"Belize","AB",198,0.126262626262626,0.126262626262626,0.0303030303030303,"M7_fqcy",0.156565656565657,12.947817675429,0,89.4832849601918,0.803030303030303,0.86868423246693
"Florida","AB",198,0.131313131313131,0.181818181818182,0.166666666666667,"M4_fqcy",0.181818181818182,0.910467232217182,0,14.5838171355752,0.393939393939394,0.164818755082342
"Punta Maroma","AB",198,0.0454545454545455,0.323232323232323,0,"M4_av",0.323232323232323,31.30795585761,8.26107891177349,56.43818967991,0.994949494949495,0.890184146744794
"Regional","AB",198,0.525252525252525,0.525252525252525,0.0101010101010101,"M4_av",0.525252525252525,21.6717972339921,0.835903871763899,44.5397100104579,0.944444444444444,0.511070813143214
"Saint Croix","AB",198,0.0353535353535354,0.0757575757575758,0.136363636363636,"M3",0.277777777777778,4.65369863616423,0,224.249179022765,0.616161616161616,0.703692373916847
"Belize","A02",150,0.0733333333333333,0.0733333333333333,0,"M6_fqcy",0.24,27.9862408746365,13.9057794771896,53.8113168358052,1,0.922631718017303
"Florida","A02",150,0.02,0.266666666666667,0.06,"M4_fqcy",0.266666666666667,2.22841507232504,0,25.3243560627789,0.566666666666667,0.302418998718012
"Punta Maroma","A02",150,0.00666666666666667,0.0266666666666667,0,"M4_fqcy",0.746666666666667,41.7652817095972,30.2078952870676,55.5334124724457,1,0.946971809162372
"Regional","A02",150,0.413333333333333,0.413333333333333,0,"M4_av",0.413333333333333,25.1465293203397,15.7541471391242,36.6628716654804,1,0.721194002526186
"Saint Croix","A02",150,0.04,0.14,0.04,"M7_fqcy",0.186666666666667,12.393248514136,0,217.687553726523,0.82,0.909609971354117
"Belize","AZ",96,0.21875,0.21875,0,"M7_fqcy",0.354166666666667,27.5950468971996,5.16856431484343,62.3467364323656,0.989583333333333,0.894848293234797
"Florida","AZ",96,0.21875,0.229166666666667,0.104166666666667,"M4_fqcy",0.229166666666667,1.74608289678929,0,20.8123676370483,0.447916666666667,0.211759690889779
"Punta Maroma","AZ",96,0,0.635416666666667,0,"M4_av",0.635416666666667,56.0139886806955,46.4926175802064,73.5622060270281,1,0.905495943661109
"Regional","AZ",96,0.739583333333333,0.739583333333333,0,"M4_av",0.739583333333333,29.8686012101257,19.3643483203274,43.6332950401872,1,0.567282080609543
"Saint Croix","AZ",96,0.0625,0.166666666666667,0.0625,"M7_fqcy",0.177083333333333,10.0796590432003,0,170.22292472571,0.760416666666667,0.855598805325714
