"scen","panel","term","frac_p05","p_med","n"
"A","Belize","s(GMHT_CPS0_30N)",0.673539518900344,0.0102258370773735,291
"A","Belize","s(Hur100_av)",0.879725085910653,0.000141955346236511,291
"A","Belize","s(dT_raw)",0.305841924398625,0.164102428463843,291
"A","Florida","s(GMHT_CPS0_30N)",0.0824742268041237,0.255386308659313,291
"A","Florida","s(Hur100_av)",0.144329896907216,0.186119012047043,291
"A","Florida","s(dT_raw)",0.0206185567010309,0.577544757147068,291
"A","Punta Maroma","Hydro",0.00687285223367698,0.572908646063517,291
"A","Punta Maroma","s(GMHT_CPS0_30N)",0.00343642611683849,0.680332401589955,291
"A","Punta Maroma","s(Hur100_av)",1,0,291
"A","Punta Maroma","s(dT_raw)",0.0584192439862543,0.514423057604227,291
"A","Regional","s(GMHT_CPS0_30N)",0.292096219931271,0.121841153913118,291
"A","Regional","s(Hur100_av)",1,3.4455464938965e-06,291
"A","Regional","s(dT_raw)",0.0343642611683849,0.569225810722346,291
"A","Saint Croix","s(GMHT_CPS0_30N)",0.178694158075601,0.494985825920255,291
"A","Saint Croix","s(Hur100_fqcy)",0.106529209621993,0.624817789760734,291
"A","Saint Croix","s(dT_raw)",0.18213058419244,0.35184840327178,291
"B","Belize","s(GMHT_CPS0_30N)",0.461538461538462,0.0774799381955632,195
"B","Belize","s(Hur100_av)",0.435897435897436,0.0892698487982475,195
"B","Belize","s(dT_raw)",0.235897435897436,0.304108910453463,195
"B","Florida","s(GMHT_CPS0_30N)",0.0615384615384615,0.44213193946286,195
"B","Florida","s(Hur100_av)",0.0974358974358974,0.376414086847337,195
"B","Florida","s(dT_raw)",0.041025641025641,0.527450228805319,195
"B","Punta Maroma","Hydro",0.153846153846154,0.442148620313509,195
"B","Punta Maroma","s(GMHT_CPS0_30N)",0.123076923076923,0.500848026470611,195
"B","Punta Maroma","s(Hur100_av)",0.98974358974359,0,195
"B","Punta Maroma","s(dT_raw)",0.0923076923076923,0.577317754835668,195
"B","Regional","s(GMHT_CPS0_30N)",0.148717948717949,0.296481004781425,195
"B","Regional","s(Hur100_av)",0.98974358974359,8.03474401789295e-06,195
"B","Regional","s(dT_raw)",0.0461538461538462,0.608361728301404,195
"B","Saint Croix","s(GMHT_CPS0_30N)",0.28125,0.209199594490854,128
"B","Saint Croix","s(Hur100_fqcy)",0.265625,0.302542524961028,128
"B","Saint Croix","s(dT_raw)",0.21875,0.356176659701285,128
"AB","Belize","s(GMHT_CPS0_30N)",0.313131313131313,0.207159873538033,198
"AB","Belize","s(Hur100_av)",0.409090909090909,0.147560016356154,198
"AB","Belize","s(dT_raw)",0.136363636363636,0.445443257425851,198
"AB","Florida","s(GMHT_CPS0_30N)",0.0858585858585859,0.514567764250615,198
"AB","Florida","s(Hur100_av)",0.0858585858585859,0.451523468866091,198
"AB","Florida","s(dT_raw)",0.0606060606060606,0.521207959403004,198
"AB","Punta Maroma","Hydro",0.131313131313131,0.457935278922537,198
"AB","Punta Maroma","s(GMHT_CPS0_30N)",0.0707070707070707,0.613930778449751,198
"AB","Punta Maroma","s(Hur100_av)",0.98989898989899,0,198
"AB","Punta Maroma","s(dT_raw)",0.0858585858585859,0.558102795026601,198
"AB","Regional","s(GMHT_CPS0_30N)",0.212121212121212,0.2412196296505,198
"AB","Regional","s(Hur100_av)",0.893939393939394,7.383113746251e-05,198
"AB","Regional","s(dT_raw)",0.0202020202020202,0.610490358929611,198
"AB","Saint Croix","s(GMHT_CPS0_30N)",0.235294117647059,0.295863888781848,102
"AB","Saint Croix","s(Hur100_fqcy)",0.186274509803922,0.467054503610939,102
"AB","Saint Croix","s(dT_raw)",0.264705882352941,0.281826796683164,102
"A02","Belize","s(GMHT_CPS0_30N)",0.693333333333333,0.00939264382496724,150
"A02","Belize","s(Hur100_av)",0.993333333333333,3.27764390035679e-05,150
"A02","Belize","s(dT_raw)",0.0866666666666667,0.628171722790199,150
"A02","Florida","s(GMHT_CPS0_30N)",0.106666666666667,0.278743882073943,150
"A02","Florida","s(Hur100_av)",0.0933333333333333,0.192594557333078,150
"A02","Florida","s(dT_raw)",0.00666666666666667,0.826842881299291,150
"A02","Punta Maroma","Hydro",0.0133333333333333,0.38679020743936,150
"A02","Punta Maroma","s(GMHT_CPS0_30N)",0.0266666666666667,0.54318384961738,150
"A02","Punta Maroma","s(Hur100_av)",1,0,150
"A02","Punta Maroma","s(dT_raw)",0.773333333333333,0.0112130811001062,150
"A02","Regional","s(GMHT_CPS0_30N)",0.206666666666667,0.18594729102495,150
"A02","Regional","s(Hur100_av)",1,3.41810608155413e-05,150
"A02","Regional","s(dT_raw)",0.0133333333333333,0.700632392012239,150
"A02","Saint Croix","s(GMHT_CPS0_30N)",0.128571428571429,0.50810388040381,140
"A02","Saint Croix","s(Hur100_fqcy)",0.0714285714285714,0.616436045835982,140
"A02","Saint Croix","s(dT_raw)",0.392857142857143,0.108279048498604,140
"AZ","Belize","s(GMHT_CPS0_30N)",0.46875,0.0760977759882229,96
"AZ","Belize","s(Hur100_av)",0.989583333333333,1.20486761645555e-06,96
"AZ","Belize","s(dT_raw)",0.354166666666667,0.13316106300008,96
"AZ","Florida","s(GMHT_CPS0_30N)",0.0729166666666667,0.282303196894326,96
"AZ","Florida","s(Hur100_av)",0.177083333333333,0.188505423242559,96
"AZ","Florida","s(dT_raw)",0.0104166666666667,0.5708693990512,96
"AZ","Punta Maroma","Hydro",0,0.557451009681133,96
"AZ","Punta Maroma","s(GMHT_CPS0_30N)",0,0.681156636104785,96
"AZ","Punta Maroma","s(Hur100_av)",1,0,96
"AZ","Punta Maroma","s(dT_raw)",0.0625,0.547810376628006,96
"AZ","Regional","s(GMHT_CPS0_30N)",0.34375,0.0991278504170633,96
"AZ","Regional","s(Hur100_av)",1,6.24096765794446e-06,96
"AZ","Regional","s(dT_raw)",0.0833333333333333,0.478541484363715,96
"AZ","Saint Croix","s(GMHT_CPS0_30N)",0.15625,0.471299193695521,96
"AZ","Saint Croix","s(Hur100_fqcy)",0.145833333333333,0.528819576846991,96
"AZ","Saint Croix","s(dT_raw)",0.15625,0.330446709816262,96
