Time (years),6.7 ka (PL1) subannual Sr/Ca (mmol/mol),6.6 ka (FJ) subannual Sr/Ca (mmol/mol),5.8 ka (PL2) subannual Sr/Ca (mmol/mol),3.6 ka (NG) subannual Sr/Ca (mmol/mol),2.6 ka (PN) subannual Sr/Ca (mmol/mol)
0.042,9.538,9.364,9.35,9.498,9.507
0.125,9.573,9.402,9.36,9.537,9.563
0.208,9.56,9.399,9.256,9.516,9.477
0.292,9.546,9.334,9.1,9.478,9.411
0.375,9.487,9.302,9.008,9.425,9.341
0.458,9.4,9.265,8.988,9.343,9.254
0.542,9.327,9.172,8.985,9.344,9.152
0.625,9.281,9.164,8.937,9.341,9.166
0.708,9.234,9.097,8.92,9.29,9.095
0.792,9.309,9.154,9.116,9.347,9.148
0.875,9.386,9.175,9.19,9.342,9.139
0.958,9.441,9.247,9.232,9.418,9.192
1.042,9.477,9.389,9.274,9.559,9.334
1.125,9.513,9.482,9.421,9.573,9.483
1.208,9.486,9.379,9.307,9.515,9.415
1.292,9.456,9.323,9.178,9.477,9.383
1.375,9.423,9.243,9.125,9.452,9.412
1.458,9.386,9.164,9.118,9.361,9.367
1.542,9.347,9.017,9.057,9.306,9.325
1.625,9.301,9.075,9.016,9.26,9.221
1.708,9.254,8.92,9,9.214,9.179
1.792,9.374,9.257,9.061,9.297,9.285
1.875,9.455,9.427,9.094,9.457,9.387
1.958,9.445,9.486,9.027,9.53,9.47
2.042,9.34,9.429,9.128,9.541,9.54
2.125,9.393,9.505,9.37,9.574,9.601
2.208,9.353,9.448,9.27,9.53,9.549
2.292,9.366,9.386,9.164,9.482,9.515
2.375,9.345,9.329,9.085,9.449,9.503
2.458,9.333,9.294,9.037,9.422,9.502
2.542,9.312,9.288,9.032,9.387,9.462
2.625,9.304,9.235,8.988,9.33,9.327
2.708,9.224,9.162,8.93,9.273,9.192
2.792,9.329,9.237,8.985,9.371,9.223
2.875,9.408,9.194,9.044,9.346,9.274
2.958,9.426,9.261,9.117,9.467,9.361
3.042,9.461,9.353,9.209,9.677,9.428
3.125,9.505,9.571,9.35,9.727,9.483
3.208,9.496,9.497,9.317,9.668,9.472
3.292,9.477,9.382,9.171,9.596,9.463
3.375,9.445,9.322,9.132,9.524,9.469
3.458,9.417,9.228,9.104,9.458,9.45
3.542,9.384,9.214,9.05,9.442,9.404
3.625,9.31,9.229,9.073,9.433,9.364
3.708,9.285,9.137,9.03,9.415,9.328
3.792,9.388,9.232,9.078,9.527,9.343
3.875,9.494,9.326,9.102,9.618,9.409
3.958,9.552,9.343,9.153,9.656,9.487
4.042,9.566,9.357,9.312,9.675,9.595
4.125,9.579,9.401,9.385,9.682,9.789
4.208,9.473,9.376,9.315,9.63,9.66
4.292,9.435,9.33,9.189,9.573,9.59
4.375,9.414,9.326,9.069,9.51,9.344
4.458,9.39,9.319,8.998,9.441,9.413
4.542,9.287,9.236,8.981,9.391,9.41
4.625,9.263,9.148,8.975,9.379,9.267
4.708,9.182,9.064,8.91,9.368,9.121
4.792,9.254,9.129,8.98,9.443,9.136
4.875,9.355,9.196,8.992,9.51,9.219
4.958,9.387,9.231,9.039,9.531,9.339
5.042,9.425,9.291,9.251,9.535,9.358
5.125,9.505,9.384,9.285,9.599,9.41
5.208,9.449,9.362,9.269,9.543,9.406
5.292,9.482,9.362,9.24,9.456,9.365
5.375,9.458,9.272,9.178,9.367,9.309
5.458,9.437,9.195,9.096,9.295,9.192
5.542,9.432,9.172,9.016,9.257,9.142
5.625,9.329,9.164,8.946,9.238,9.098
5.708,9.26,9.079,8.928,9.223,9.072
5.792,9.317,9.12,9.164,9.293,9.143
5.875,9.364,9.199,8.981,9.366,9.241
5.958,9.406,9.242,9.05,9.41,9.353
6.042,9.412,9.341,8.98,9.427,9.439
6.125,9.474,9.522,9.4,9.444,9.479
6.208,9.469,9.425,9.324,9.436,9.425
6.292,9.464,9.357,9.256,9.427,9.353
6.375,9.443,9.239,9.206,9.398,9.277
6.458,9.318,9.18,9.161,9.356,9.262
6.542,9.239,9.116,9.099,9.31,9.288
6.625,9.194,9.149,9.032,9.252,9.244
6.708,9.183,9.049,8.969,9.194,9.08
6.792,9.227,9.195,8.979,9.383,9.113
6.875,9.306,9.26,9.063,9.443,9.259
6.958,9.351,9.363,9.195,9.515,9.372
7.042,9.362,9.36,9.346,9.568,9.421
7.125,9.401,9.401,9.478,9.647,9.54
7.208,9.365,9.35,9.324,9.59,9.433
7.292,9.322,9.305,9.223,9.467,9.359
7.375,9.266,9.206,9.143,9.43,9.312
7.458,9.196,9.148,9.126,9.416,9.199
7.542,9.115,9.113,9.192,9.387,9.165
7.625,9.087,9.089,9.114,9.301,9.145
7.708,9.083,9.074,9.003,9.234,9.112
7.792,9.226,9.161,9.077,9.305,9.134
7.875,9.373,9.198,9.128,9.384,9.193
7.958,9.46,9.206,9.139,9.467,9.241
8.042,9.493,9.327,9.285,9.582,9.283
8.125,9.525,9.54,9.304,9.623,9.362
8.208,9.478,9.421,9.229,9.563,9.36
8.292,9.45,9.347,9.146,9.441,9.343
8.375,9.411,9.261,9.065,9.44,9.276
8.458,9.31,9.252,8.999,9.339,9.219
8.542,9.231,9.098,8.954,9.295,9.178
8.625,9.241,9.062,8.908,9.248,9.163
8.708,9.188,8.946,8.861,9.191,9.158
8.792,9.294,9.09,8.959,9.329,9.262
8.875,9.38,9.171,9.012,9.303,9.322
8.958,9.415,9.161,9.119,9.431,9.343
9.042,9.451,9.251,9.289,9.498,9.421
9.125,9.487,9.433,9.346,9.607,9.443
9.208,9.414,9.316,9.318,9.523,9.441
9.292,9.419,9.28,9.225,9.506,9.406
9.375,9.391,9.192,9.167,9.46,9.362
9.458,9.313,9.158,9.099,9.3,9.301
9.542,9.343,9.15,8.967,9.305,9.22
9.625,9.195,9.1,8.957,9.335,9.125
9.708,9.192,9.03,8.913,9.269,9.052
9.792,9.305,9.052,8.953,9.276,9.102
9.875,9.362,9.064,9.102,9.421,9.144
9.958,9.389,9.169,9.131,9.49,9.182
10.042,9.415,9.325,9.28,9.484,9.319
10.125,9.463,9.428,9.346,9.551,9.508
10.208,9.451,9.304,9.284,9.544,9.422
10.292,9.412,9.247,9.204,9.523,9.43
10.375,9.358,9.211,9.121,9.477,9.439
10.458,9.332,9.11,9.071,9.343,9.382
10.542,9.268,9.105,9.001,9.194,9.242
10.625,9.207,9.092,8.957,9.19,9.061
10.708,9.172,9.044,8.864,9.147,9.034
10.792,9.215,9.055,9.012,9.194,9.103
10.875,9.301,9.27,9.127,9.264,9.221
10.958,9.424,9.355,9.311,9.335,9.302
11.042,9.42,9.381,9.357,9.433,9.377
11.125,9.456,9.465,9.394,9.581,9.411
11.208,9.409,9.424,9.315,9.554,9.214
11.292,9.367,9.364,9.117,9.519,9.173
11.375,9.326,9.284,9.178,9.47,9.132
11.458,9.23,9.19,9.049,9.409,9.123
11.542,9.253,9.125,8.999,9.336,9.16
11.625,9.259,9.111,8.964,9.213,9.114
11.708,9.177,9.024,8.882,9.071,8.993
11.792,9.297,9.128,9.072,9.262,9.159
11.875,9.306,9.193,9.142,9.309,9.15
11.958,9.328,9.233,9.261,9.224,9.347
12.042,9.395,9.406,9.349,9.39,9.426
12.125,9.433,9.485,9.369,9.585,9.431
12.208,9.395,9.347,9.3,9.502,9.409
12.292,9.354,9.271,9.282,9.475,9.386
12.375,9.312,9.194,9.183,9.429,9.364
12.458,9.257,9.148,9.052,9.343,9.303
12.542,9.197,9.143,9.025,9.302,9.204
12.625,9.154,9.082,9.005,9.307,9.102
12.708,9.134,9.014,8.953,9.2,9.001
12.792,9.212,9.091,8.972,9.315,9.128
12.875,9.298,9.286,9.014,9.394,9.156
12.958,9.356,9.39,9.142,9.454,9.206
13.042,9.403,9.378,9.23,9.48,9.345
13.125,9.489,9.526,9.327,9.495,9.41
13.208,9.4,9.415,9.311,9.528,9.388
13.292,9.343,9.464,9.288,9.459,9.302
13.375,9.267,9.317,9.245,9.456,9.174
13.458,9.225,9.265,9.178,9.416,9.08
13.542,9.203,9.149,9.087,9.334,9.037
13.625,9.102,9.128,9.033,9.301,9.007
13.708,9.062,8.985,8.994,9.232,8.979
13.792,9.171,9.088,9.093,9.292,9.157
13.875,9.248,9.092,9.047,9.327,9.09
13.958,9.274,9.27,9.122,9.429,9.094
14.042,9.286,9.316,9.176,9.526,9.217
14.125,9.382,9.434,9.338,9.59,9.346
14.208,9.371,9.392,9.323,9.559,9.257
14.292,9.362,9.318,9.252,9.531,9.158
14.375,9.338,9.243,9.104,9.532,9.137
14.458,9.305,9.205,9.046,9.493,9.161
14.542,9.231,9.157,9.016,9.411,9.162
14.625,9.18,9.085,9.05,9.337,9.111
14.708,9.083,8.994,9.018,9.267,9.06
14.792,9.222,9.077,9.067,9.333,9.118
14.875,9.252,9.235,9.168,9.404,9.21
14.958,9.295,9.291,9.235,9.452,9.288
15.042,9.248,9.281,9.276,9.656,9.332
15.125,9.307,9.348,9.331,9.639,9.412
15.208,9.301,9.275,9.303,9.58,9.381
15.292,9.294,9.204,9.261,9.494,9.362
15.375,9.259,9.119,9.186,9.447,9.346
15.458,9.206,9.073,9.039,9.382,9.259
15.542,9.167,9.078,8.976,9.342,9.207
15.625,9.156,9.039,9.001,9.314,9.129
15.708,9.145,9.003,8.937,9.232,8.998
15.792,9.197,9.023,8.998,9.293,9.009
15.875,9.247,9.094,9.079,9.317,9.146
15.958,9.283,9.244,9.191,9.355,9.083
16.042,9.31,9.402,9.264,9.404,9.277
16.125,9.346,9.472,9.316,9.576,9.543
16.208,9.278,9.378,9.287,9.535,9.488
16.292,9.292,9.401,9.228,9.453,9.365
16.375,9.269,9.328,9.153,9.395,9.264
16.458,9.243,9.2,9.044,9.328,9.22
16.542,9.181,9.166,8.977,9.268,9.135
16.625,9.068,9.149,8.961,9.204,9.138
16.708,9.028,9.061,8.902,9.162,9.111
16.792,9.138,9.114,8.925,9.252,9.161
16.875,9.212,9.209,8.969,9.364,9.304
16.958,9.245,9.291,9.062,9.422,9.406
17.042,9.267,9.337,9.216,9.485,9.364
17.125,9.27,9.434,9.327,9.539,9.431
17.208,9.198,9.362,9.31,9.486,9.407
17.292,9.177,9.261,9.211,9.491,9.318
17.375,9.138,9.192,9.099,9.466,9.218
17.458,9.106,9.109,8.997,9.393,9.165
17.542,9.096,9.047,8.895,9.352,9.141
17.625,9.073,9.012,8.937,9.299,9.077
17.708,9.043,8.965,8.859,9.283,8.968
17.792,9.114,8.985,8.989,9.3,8.996
17.875,9.18,9.121,9.068,9.34,9.014
17.958,9.264,9.227,9.177,9.405,9.064
18.042,9.317,9.307,9.278,9.575,9.127
18.125,9.346,9.432,9.378,9.615,9.346
18.208,9.334,9.342,9.289,9.573,9.332
18.292,9.274,9.351,9.083,9.526,9.282
18.375,9.198,9.195,9.07,9.48,9.203
18.458,9.149,9.104,9.053,9.438,9.094
18.542,9.135,9.049,9.036,9.403,9.101
18.625,9.117,9.077,8.993,9.366,9.107
18.708,9.119,9,8.944,9.355,9.055
18.792,9.173,9.008,9.011,9.414,9.064
18.875,9.239,9.056,9.06,9.493,9.175
18.958,9.283,9.139,9.228,9.599,9.307
19.042,9.305,9.249,9.342,9.663,9.427
19.125,9.351,9.355,9.368,9.709,9.531
19.208,9.318,9.306,9.31,9.657,9.482
19.292,9.278,9.241,9.127,9.627,9.426
19.375,9.236,9.155,9.027,9.569,9.362
19.458,9.197,9.121,8.977,9.493,9.262
19.542,9.15,9.123,8.931,9.443,9.124
19.625,9.091,9.03,8.921,9.351,9.052
19.708,9.035,8.973,8.899,9.251,9.012
19.792,9.193,9.044,8.966,9.304,9.048
19.875,9.241,9.143,8.991,9.361,9.108
19.958,9.328,9.126,9.156,9.432,9.21
20.042,9.377,9.279,9.279,9.501,9.328
20.125,9.429,9.329,9.376,9.563,9.44
20.208,9.374,9.233,9.324,9.448,9.322
20.292,9.355,9.195,9.186,9.424,9.234
20.375,9.319,9.19,9.04,9.35,9.203
20.458,9.277,9.157,9.032,9.311,9.205
20.542,9.26,9.1,8.983,9.314,9.18
20.625,9.242,9.002,8.925,9.288,9.09
20.708,9.178,8.928,8.877,9.254,9.045
20.792,9.204,8.985,8.997,9.334,9.076
20.875,9.229,8.993,9.091,9.359,9.131
20.958,9.273,9.016,9.18,9.492,9.195
21.042,9.338,9.323,9.305,9.63,9.322
21.125,9.403,9.381,9.335,9.829,9.392
21.208,9.401,9.351,9.311,9.612,9.306
21.292,9.386,9.372,9.188,9.535,9.292
21.375,9.346,9.326,9.093,9.511,9.246
21.458,9.327,9.185,9.033,9.465,9.165
21.542,9.281,9.164,9.003,9.509,9.136
21.625,9.27,9.155,9.011,9.602,9.06
21.708,9.174,9.108,8.983,9.346,9.045
21.792,9.231,9.13,9.042,9.379,9.161
21.875,9.273,9.182,9.032,9.44,9.165
21.958,9.28,9.182,9.115,9.463,9.209
22.042,9.321,9.443,9.339,9.582,9.312
22.125,9.38,9.494,9.478,9.653,9.456
22.208,9.357,9.456,9.444,9.543,9.47
22.292,9.301,9.385,9.423,9.538,9.429
22.375,9.223,9.32,9.284,9.506,9.39
22.458,9.158,9.234,9.164,9.499,9.339
22.542,9.163,9.246,9.063,9.398,9.279
22.625,9.142,9.193,9.037,9.226,9.217
22.708,9.103,9.11,9.015,9.143,9.155
22.792,9.108,9.267,9.091,9.253,9.166
22.875,9.158,9.367,9.023,9.307,9.197
22.958,9.208,9.391,9.12,9.396,9.266
23.042,9.295,9.355,9.218,9.451,9.378
23.125,9.395,9.439,9.381,9.602,9.514
23.208,9.393,9.381,9.278,9.568,9.502
23.292,9.37,9.33,9.158,9.495,9.472
23.375,9.266,9.247,9.046,9.411,9.377
23.458,9.18,9.195,8.994,9.415,9.282
23.542,9.124,9.226,8.961,9.347,9.195
23.625,9.106,9.155,8.936,9.269,9.138
23.708,9.105,9.076,8.91,9.217,9.094
23.792,9.158,9.133,9.029,9.256,9.235
23.875,9.227,9.257,9.124,9.301,9.312
23.958,9.277,9.323,9.205,9.344,9.32
24.042,9.299,9.359,9.286,9.51,9.35
24.125,9.34,9.416,9.407,9.622,9.363
24.208,9.323,9.374,9.388,9.591,9.301
24.292,9.303,9.316,9.225,9.627,9.276
24.375,9.276,9.282,9.112,9.522,9.243
24.458,9.209,9.226,9.051,9.462,9.171
24.542,9.165,9.201,9.012,9.34,9.102
24.625,9.136,9.162,8.993,9.267,9.096
24.708,9.124,9.075,8.985,9.239,9.062
24.792,9.183,9.115,9.021,9.321,9.139
24.875,9.249,9.213,9.085,9.386,9.115
24.958,9.287,9.263,9.149,9.408,9.2
25.042,9.436,9.351,9.205,9.449,9.313
25.125,9.502,9.452,9.307,9.5,9.485
25.208,9.464,9.385,9.295,9.458,9.433
25.292,9.418,9.353,9.221,9.411,9.363
25.375,9.355,9.307,9.187,9.367,9.261
25.458,9.304,9.252,9.124,9.331,9.155
25.542,9.27,9.214,9.064,9.309,9.126
25.625,9.247,9.127,9.011,9.287,9.039
25.708,9.23,9.027,8.921,9.264,9.008
25.792,9.318,9.1,8.952,9.308,9.054
25.875,9.459,9.149,9.033,9.406,9.16
25.958,9.354,9.245,9.137,9.449,9.224
26.042,9.442,9.32,9.287,9.395,9.354
26.125,9.483,9.381,9.356,9.601,9.386
26.208,9.441,9.326,9.333,9.548,9.321
26.292,9.397,9.302,9.294,9.545,9.245
26.375,9.367,9.259,9.218,9.53,9.184
26.458,9.334,9.192,9.172,9.467,9.128
26.542,9.301,9.177,9.094,9.413,9.041
26.625,9.258,9.133,9.078,9.33,8.995
26.708,9.211,9.084,9.04,9.277,8.963
26.792,9.285,9.115,9.118,9.32,9.113
26.875,9.362,9.186,9.201,9.413,9.056
26.958,9.406,9.321,9.279,9.484,9.157
27.042,9.422,9.439,9.43,9.513,9.309
27.125,9.438,9.497,9.508,9.563,9.384
27.208,9.424,9.386,9.456,9.545,9.368
27.292,9.407,9.36,9.408,9.514,9.308
27.375,9.414,9.308,9.389,9.48,9.218
27.458,9.361,9.247,9.278,9.418,9.124
27.542,9.263,9.166,9.077,9.357,9.047
27.625,9.237,9.112,9.018,9.321,8.991
27.708,9.222,9.049,9.011,9.305,8.991
27.792,9.258,9.105,9.048,9.359,9.041
27.875,9.294,9.17,9.107,9.422,9.115
27.958,9.356,9.206,9.165,9.486,9.206
28.042,9.447,9.323,9.264,9.535,9.299
28.125,9.538,9.429,9.329,9.575,9.358
28.208,9.485,9.371,9.305,9.517,9.301
28.292,9.418,9.339,9.241,9.461,9.248
28.375,9.323,9.292,9.213,9.441,9.196
28.458,9.248,9.267,9.105,9.4,9.132
28.542,9.203,9.208,9.045,9.337,9.052
28.625,9.172,9.166,8.993,9.261,9.002
28.708,9.148,9.113,8.923,9.18,8.991
28.792,9.182,9.172,9.01,9.222,9.036
28.875,9.243,9.232,9.08,9.251,9.093
28.958,9.31,9.327,9.155,9.323,9.186
29.042,9.368,9.41,9.261,9.403,9.301
29.125,9.398,9.454,9.327,9.456,9.378
29.208,9.347,9.379,9.264,9.418,9.327
29.292,9.29,9.326,9.196,9.378,9.275
29.375,9.241,9.278,9.131,9.346,9.2
29.458,9.195,9.221,9.053,9.318,9.107
29.542,9.162,9.198,8.988,9.284,9.041
29.625,9.157,9.135,8.968,9.232,8.989
29.708,9.151,9.088,8.931,9.18,8.957
29.792,9.165,9.161,9.002,9.217,9.038
29.875,9.18,9.218,9.069,9.363,9.122
29.958,9.233,9.294,9.151,9.427,9.251
30.042,9.391,9.349,9.146,9.462,9.303
30.125,9.44,9.398,9.356,9.481,9.384
30.208,9.423,9.347,9.317,9.46,9.33
30.292,9.405,9.287,9.227,9.443,9.215
30.375,9.37,9.291,9.135,9.427,9.116
30.458,9.323,9.221,9.039,9.39,9.021
30.542,9.275,9.183,8.995,9.311,8.987
30.625,9.216,9.135,8.971,9.239,8.982
30.708,9.158,9.034,8.954,9.205,8.966
30.792,9.226,9.125,9.005,9.288,9.144
30.875,9.297,9.135,9.093,9.323,9.216
30.958,9.365,9.177,9.21,9.373,9.21
31.042,9.435,9.247,9.322,9.463,9.242
31.125,9.506,9.365,9.409,9.582,9.33
31.208,9.46,9.329,9.383,9.564,9.314
31.292,9.42,9.29,9.295,9.492,9.27
31.375,9.382,9.267,9.175,9.434,9.243
31.458,9.32,9.213,9.131,9.37,9.158
31.542,9.261,9.154,9.089,9.304,9.103
31.625,9.215,9.116,9,9.287,9.045
31.708,9.192,9.078,8.9,9.264,9.012
31.792,9.197,9.114,8.976,9.317,9.327
31.875,9.286,9.159,9.095,9.41,9.227
31.958,9.358,9.249,9.134,9.466,9.428
32.042,9.398,9.377,9.269,9.512,9.403
32.125,9.467,9.424,9.402,9.593,9.579
32.208,9.401,9.305,9.341,9.554,9.531
32.292,9.331,9.24,9.291,9.524,9.374
32.375,9.278,9.234,9.23,9.452,9.18
32.458,9.222,9.246,9.122,9.388,9.139
32.542,9.168,9.126,9.07,9.398,9.081
32.625,9.139,9.118,9.118,9.381,9.026
32.708,9.119,9.074,9.013,9.243,8.99
32.792,9.126,9.166,9.061,9.259,9.065
32.875,9.168,9.196,9.237,9.304,9.136
32.958,9.276,9.289,9.279,9.377,9.279
33.042,9.361,9.371,9.362,9.477,9.349
33.125,9.395,9.425,9.439,9.576,9.39
33.208,9.374,9.396,9.355,9.558,9.343
33.292,9.329,9.324,9.242,9.518,9.272
33.375,9.286,9.262,9.169,9.485,9.188
33.458,9.237,9.154,9.153,9.453,9.099
33.542,9.191,9.151,9.112,9.42,9.037
33.625,9.168,9.075,9.098,9.376,9.004
33.708,9.1,9.012,9.078,9.332,8.978
33.792,9.185,9.176,9.269,9.36,9.011
33.875,9.245,9.191,9.347,9.405,9.125
33.958,9.309,9.249,9.363,9.419,9.219
34.042,9.365,9.318,9.471,9.458,9.307
34.125,9.406,9.39,9.577,9.486,9.401
34.208,9.378,9.332,9.434,9.471,9.378
34.292,9.336,9.302,9.269,9.445,9.306
34.375,9.272,9.24,9.289,9.373,9.244
34.458,9.218,9.198,9.187,9.32,9.175
34.542,9.205,9.16,9.106,9.292,9.116
34.625,9.212,9.1,9.045,9.274,9.064
34.708,9.158,9.067,9.033,9.261,8.997
34.792,9.2,9.094,9.191,9.305,9.114
34.875,9.257,9.124,9.24,9.367,9.202
34.958,9.333,9.205,9.342,9.429,9.203
35.042,9.38,9.28,9.416,9.481,9.334
35.125,9.413,9.427,9.478,9.513,9.405
35.208,9.39,9.368,9.423,9.5,9.351
35.292,9.352,9.337,9.364,9.48,9.299
35.375,9.297,9.289,9.276,9.437,9.254
35.458,9.222,9.25,9.202,9.402,9.201
35.542,9.152,9.208,9.214,9.378,9.167
35.625,9.137,9.122,9.036,9.323,9.133
35.708,9.124,9.044,8.8,9.257,9.093
35.792,9.153,9.101,8.981,9.363,9.206
35.875,9.317,9.17,9.091,9.335,9.214
35.958,9.271,9.243,9.147,9.393,9.324
36.042,9.338,9.348,9.222,9.509,9.392
36.125,9.394,9.397,9.377,9.522,9.43
36.208,9.379,9.348,9.351,9.512,9.342
36.292,9.363,9.296,9.36,9.508,9.283
36.375,9.325,9.251,9.193,9.501,9.241
36.458,9.263,9.208,9.187,9.439,9.223
36.542,9.2,9.183,9.082,9.38,9.214
36.625,9.153,9.148,9.006,9.317,9.172
36.708,9.107,9.113,8.932,9.253,9.13
36.792,9.201,9.145,9.006,9.377,9.185
36.875,9.258,9.199,9.023,9.381,9.19
36.958,9.342,9.276,9.15,9.393,9.187
37.042,9.429,9.327,9.263,9.453,9.269
37.125,9.433,9.383,9.371,9.495,9.363
37.208,9.419,9.314,9.328,9.484,9.339
37.292,9.367,9.288,9.307,9.468,9.29
37.375,9.288,9.258,9.273,9.391,9.204
37.458,9.213,9.23,9.145,9.324,9.155
37.542,9.186,9.217,9.061,9.317,9.132
37.625,9.165,9.191,9.006,9.305,9.082
37.708,9.132,9.088,8.988,9.259,9.007
37.792,9.233,9.16,9.049,9.29,9.092
37.875,9.317,9.184,9.097,9.334,9.211
37.958,9.355,9.226,9.165,9.409,9.29
38.042,nd,9.286,9.246,9.513,9.364
38.125,nd,9.368,9.33,9.607,9.396
38.208,nd,9.363,9.317,9.558,9.433
38.292,nd,9.342,9.213,9.508,9.381
38.375,nd,9.261,9.143,9.467,9.31
38.458,nd,9.206,9.086,9.423,9.229
38.542,nd,9.201,9.051,9.379,9.151
38.625,nd,9.179,9.025,9.326,9.085
38.708,nd,9.098,8.939,9.271,9.073
38.792,nd,9.11,9.04,9.321,9.138
38.875,nd,9.172,9.077,9.367,9.141
38.958,nd,9.312,9.107,9.433,9.261
39.042,nd,nd,9.196,9.454,9.342
39.125,nd,nd,9.376,9.523,9.406
39.208,nd,nd,9.364,9.489,9.357
39.292,nd,nd,9.316,9.445,9.372
39.375,nd,nd,9.19,9.389,9.306
39.458,nd,nd,9.115,9.314,9.294
39.542,nd,nd,9.029,9.274,9.16
39.625,nd,nd,8.969,9.272,9.11
39.708,nd,nd,8.958,9.229,9.089
39.792,nd,nd,9.01,9.31,9.107
39.875,nd,nd,9.134,9.34,9.187
39.958,nd,nd,9.168,9.378,9.313
40.042,nd,nd,9.274,9.488,9.386
40.125,nd,nd,9.368,9.521,9.449
40.208,nd,nd,9.285,9.472,9.283
40.292,nd,nd,9.18,9.441,9.318
40.375,nd,nd,9.111,9.414,9.291
40.458,nd,nd,8.965,9.387,9.208
40.542,nd,nd,8.924,9.344,9.144
40.625,nd,nd,8.932,9.305,9.093
40.708,nd,nd,8.888,9.255,9.044
40.792,nd,nd,9.008,9.265,9.163
40.875,nd,nd,9.074,9.336,9.234
40.958,nd,nd,9.217,9.384,9.275
41.042,nd,nd,9.207,9.427,9.263
41.125,nd,nd,9.36,9.571,9.308
41.208,nd,nd,9.255,9.519,9.273
41.292,nd,nd,9.211,9.479,9.247
41.375,nd,nd,9.089,9.487,9.21
41.458,nd,nd,9.015,9.467,9.144
41.542,nd,nd,8.995,9.412,9.141
41.625,nd,nd,8.995,9.372,8.987
41.708,nd,nd,8.873,9.258,8.953
41.792,nd,nd,8.974,9.315,9
41.875,nd,nd,9.065,9.358,9.046
41.958,nd,nd,9.195,9.413,9.138
42.042,nd,nd,9.3,9.482,9.291
42.125,nd,nd,9.374,9.542,9.406
42.208,nd,nd,9.316,9.487,9.362
42.292,nd,nd,9.208,9.426,9.3
42.375,nd,nd,9.118,9.411,9.241
42.458,nd,nd,9.061,9.422,9.117
42.542,nd,nd,9.024,9.407,9.049
42.625,nd,nd,8.966,9.328,9.026
42.708,nd,nd,8.915,9.25,8.995
42.792,nd,nd,8.954,9.336,9.082
42.875,nd,nd,9.003,9.377,9.157
42.958,nd,nd,9.077,9.528,9.215
43.042,nd,nd,9.244,9.49,9.288
43.125,nd,nd,9.32,9.572,9.397
43.208,nd,nd,9.302,9.554,9.351
43.292,nd,nd,9.227,9.545,9.282
43.375,nd,nd,9.161,9.539,9.209
43.458,nd,nd,9.086,9.506,9.131
43.542,nd,nd,9.041,9.45,9.067
43.625,nd,nd,8.974,9.389,9.014
43.708,nd,nd,8.947,9.334,9.001
43.792,nd,nd,8.996,9.374,9.053
43.875,nd,nd,9.076,9.483,9.096
43.958,nd,nd,9.159,9.525,9.2
44.042,nd,nd,9.309,9.579,9.36
44.125,nd,nd,9.418,9.594,9.433
44.208,nd,nd,9.407,9.54,9.41
44.292,nd,nd,9.304,9.481,9.367
44.375,nd,nd,9.187,9.454,9.316
44.458,nd,nd,9.097,9.445,9.263
44.542,nd,nd,8.971,9.43,9.223
44.625,nd,nd,8.927,9.401,9.193
44.708,nd,nd,8.879,9.372,9.162
44.792,nd,nd,8.915,9.412,9.241
44.875,nd,nd,8.934,9.457,9.258
44.958,nd,nd,9.083,9.51,9.278
45.042,nd,nd,9.207,9.562,9.303
45.125,nd,nd,9.308,9.602,9.367
45.208,nd,nd,9.256,9.586,9.359
45.292,nd,nd,9.159,9.557,9.297
45.375,nd,nd,9.106,9.509,9.263
45.458,nd,nd,9.052,9.454,9.216
45.542,nd,nd,9.018,9.408,9.151
45.625,nd,nd,8.984,9.378,9.086
45.708,nd,nd,8.845,9.381,8.939
45.792,nd,nd,8.964,9.42,9.006
45.875,nd,nd,9.093,9.468,9.05
45.958,nd,nd,9.161,9.49,9.177
46.042,nd,nd,9.287,9.541,9.262
46.125,nd,nd,9.417,9.619,9.327
46.208,nd,nd,9.317,9.531,9.299
46.292,nd,nd,9.23,9.48,9.246
46.375,nd,nd,9.176,9.475,9.207
46.458,nd,nd,9.138,9.432,9.162
46.542,nd,nd,9.104,9.361,9.096
46.625,nd,nd,9.074,9.365,9.019
46.708,nd,nd,9.043,9.316,9.048
46.792,nd,nd,9.145,9.431,9.112
46.875,nd,nd,9.208,9.495,9.177
46.958,nd,nd,9.292,9.523,9.268
47.042,nd,nd,9.411,9.539,9.364
47.125,nd,nd,9.468,9.565,9.48
47.208,nd,nd,9.382,9.5,9.413
47.292,nd,nd,9.27,9.442,9.294
47.375,nd,nd,9.155,9.374,9.195
47.458,nd,nd,9.142,9.334,9.143
47.542,nd,nd,9.046,9.326,9.111
47.625,nd,nd,9.053,9.291,9.089
47.708,nd,nd,8.998,9.257,9.053
47.792,nd,nd,9.039,9.344,9.112
47.875,nd,nd,9.08,9.412,9.219
47.958,nd,nd,9.133,9.434,9.304
48.042,nd,nd,9.278,9.463,9.337
48.125,nd,nd,9.367,9.495,9.425
48.208,nd,nd,9.332,9.477,9.351
48.292,nd,nd,9.269,9.46,9.276
48.375,nd,nd,9.114,9.426,9.183
48.458,nd,nd,9.026,9.351,9.106
48.542,nd,nd,9.027,9.269,9.047
48.625,nd,nd,8.987,9.304,9.036
48.708,nd,nd,8.945,9.229,9.031
48.792,nd,nd,9.004,9.357,9.063
48.875,nd,nd,9.098,9.409,9.197
48.958,nd,nd,9.184,9.48,9.287
49.042,nd,nd,9.24,nd,nd
49.125,nd,nd,9.306,nd,nd
49.208,nd,nd,9.244,nd,nd
49.292,nd,nd,9.159,nd,nd
49.375,nd,nd,9.032,nd,nd
49.458,nd,nd,9.06,nd,nd
49.542,nd,nd,9.005,nd,nd
49.625,nd,nd,9.011,nd,nd
49.708,nd,nd,8.982,nd,nd
49.792,nd,nd,9.005,nd,nd
49.875,nd,nd,9.104,nd,nd
49.958,nd,nd,9.192,nd,nd
50.042,nd,nd,9.276,nd,nd
50.125,nd,nd,9.348,nd,nd
50.208,nd,nd,9.342,nd,nd
50.292,nd,nd,9.306,nd,nd
50.375,nd,nd,9.173,nd,nd
50.458,nd,nd,9.097,nd,nd
50.542,nd,nd,8.983,nd,nd
50.625,nd,nd,8.941,nd,nd
50.708,nd,nd,8.907,nd,nd
50.792,nd,nd,8.951,nd,nd
50.875,nd,nd,9.01,nd,nd
50.958,nd,nd,9.149,nd,nd
51.042,nd,nd,9.169,nd,nd
51.125,nd,nd,9.237,nd,nd
51.208,nd,nd,9.217,nd,nd
51.292,nd,nd,9.114,nd,nd
51.375,nd,nd,9.03,nd,nd
51.458,nd,nd,9.029,nd,nd
51.542,nd,nd,9.016,nd,nd
51.625,nd,nd,9.042,nd,nd
51.708,nd,nd,8.979,nd,nd
51.792,nd,nd,9.006,nd,nd
51.875,nd,nd,9.071,nd,nd
51.958,nd,nd,9.185,nd,nd
52.042,nd,nd,9.35,nd,nd
52.125,nd,nd,9.438,nd,nd
52.208,nd,nd,9.288,nd,nd
52.292,nd,nd,9.154,nd,nd
52.375,nd,nd,9.037,nd,nd
52.458,nd,nd,8.999,nd,nd
52.542,nd,nd,8.924,nd,nd
52.625,nd,nd,8.908,nd,nd
52.708,nd,nd,8.898,nd,nd
52.792,nd,nd,8.945,nd,nd
52.875,nd,nd,9.024,nd,nd
52.958,nd,nd,9.064,nd,nd
53.042,nd,nd,9.1,nd,nd
53.125,nd,nd,9.316,nd,nd
53.208,nd,nd,9.205,nd,nd
53.292,nd,nd,9.13,nd,nd
53.375,nd,nd,9.094,nd,nd
53.458,nd,nd,9.052,nd,nd
53.542,nd,nd,9.025,nd,nd
53.625,nd,nd,8.999,nd,nd
53.708,nd,nd,8.969,nd,nd
53.792,nd,nd,9.005,nd,nd
53.875,nd,nd,9.04,nd,nd
53.958,nd,nd,9.132,nd,nd
54.042,nd,nd,9.225,nd,nd
54.125,nd,nd,9.323,nd,nd
54.208,nd,nd,9.256,nd,nd
54.292,nd,nd,9.146,nd,nd
54.375,nd,nd,9.079,nd,nd
54.458,nd,nd,9.019,nd,nd
54.542,nd,nd,9.006,nd,nd
54.625,nd,nd,8.99,nd,nd
54.708,nd,nd,8.952,nd,nd
54.792,nd,nd,8.97,nd,nd
54.875,nd,nd,9.037,nd,nd
54.958,nd,nd,9.152,nd,nd
55.042,nd,nd,9.264,nd,nd
55.125,nd,nd,9.339,nd,nd
55.208,nd,nd,9.323,nd,nd
55.292,nd,nd,9.263,nd,nd
55.375,nd,nd,9.235,nd,nd
55.458,nd,nd,9.185,nd,nd
55.542,nd,nd,9.007,nd,nd
55.625,nd,nd,8.949,nd,nd
55.708,nd,nd,8.931,nd,nd
55.792,nd,nd,8.982,nd,nd
55.875,nd,nd,9.025,nd,nd
55.958,nd,nd,9.112,nd,nd
56.042,nd,nd,9.166,nd,nd
56.125,nd,nd,9.326,nd,nd
56.208,nd,nd,9.303,nd,nd
56.292,nd,nd,9.172,nd,nd
56.375,nd,nd,9.084,nd,nd
56.458,nd,nd,9.008,nd,nd
56.542,nd,nd,8.999,nd,nd
56.625,nd,nd,8.952,nd,nd
56.708,nd,nd,8.921,nd,nd
56.792,nd,nd,9.003,nd,nd
56.875,nd,nd,9.064,nd,nd
56.958,nd,nd,9.214,nd,nd