Frame,Panel,Selected,AIC,Weight,DevExpl,Significant,Contrasts
"BP, youngest bin to 1956 CE (main)",Punta Maroma,M6_av,-80.536,0.56,91.1,Thermal (p=<1e-04),"ThermalLIA (-3.50, p=<1e-04); Thermalcooler (-1.49, p=0.022)"
"BP, youngest bin to 1956 CE (main)",Florida,M6_fqcy,-6.528,0.22,36.0,s(Hur100_fqcy) (p=0.0023),none
"BP, youngest bin to 1956 CE (main)",Belize,M7_fqcy,-10.278,0.28,79.9,Thermal (p=0.049); Hurricane (p=0.017); s(GMHT_CPS0_30N) (p=0.022); s(dT_raw) (p=0.0015),"ThermalCWP&MWA (-2.10, p=0.049); Thermalcooler (-1.15, p=0.024); Hurricanemoderate (1.01, p=0.032)"
"BP, youngest bin to 1956 CE (main)",Saint Croix,M4_av,-10.096,0.55,70.4,s(dT_raw) (p=0.042); s(Hur100_av) (p=0.036),n/a (no categorical terms)
"BP, youngest bin to 1956 CE (main)",Regional,M7_av,-57.817,0.39,48.9,Hurricane (p=0.00024),"Hurricanehigh (2.88, p=0.00018)"
"BP, youngest bin to 2022 CE",Punta Maroma,M6_av,-81.315,0.57,91.6,Thermal (p=<1e-04),"ThermalLIA (-3.24, p=<1e-04); Thermalcooler (-1.44, p=0.024)"
"BP, youngest bin to 2022 CE",Florida,M4_fqcy,-5.494,0.18,22.2,Not significant,n/a (no categorical terms)
"BP, youngest bin to 2022 CE",Belize,M4_fqcy,-9.12,0.2,60.9,s(GMHT_CPS0_30N) (p=<1e-04); s(dT_raw) (p=0.0057),n/a (no categorical terms)
"BP, youngest bin to 2022 CE",Saint Croix,M4_av,-20.901,1.0,82.8,s(GMHT_CPS0_30N) (p=0.0016); s(Hur100_av) (p=<1e-04),n/a (no categorical terms)
"BP, youngest bin to 2022 CE",Regional,M7_fqcy,-58.245,0.33,50.9,Hurricane (p=0.00067),"Hurricanehigh (2.55, p=0.0012)"
Years before 2021 CE,Punta Maroma,M6_fqcy,-54.601,0.73,80.3,Thermal (p=0.0003); s(Hur100_fqcy) (p=<1e-04),"ThermalLIA (-2.23, p=<1e-04)"
Years before 2021 CE,Florida,M5_fqcy,-19.258,0.35,52.5,s(GMHT_CPS0_30N) (p=0.018); s(Hur100_fqcy) (p=<1e-04),none
Years before 2021 CE,Belize,M6_fqcy,-19.196,0.98,76.6,Thermal (p=0.00072); s(dT_raw) (p=0.019); s(Hur100_fqcy) (p=0.00041),"ThermalLIA (-2.74, p=0.00031); Thermalcooler (-1.38, p=0.00088)"
Years before 2021 CE,Saint Croix,M4_av,-17.663,0.94,82.0,s(dT_raw) (p=0.0006); s(Hur100_av) (p=0.00014),n/a (no categorical terms)
Years before 2021 CE,Regional,M6_fqcy,-64.445,0.87,49.9,Thermal (p=0.0065); s(Hur100_fqcy) (p=0.0054),"ThermalLIA (-2.27, p=0.00056)"
