"Panel","Scenario","n","sel","top","sel_best","sel_2AIC","regime_best","gt_age","Thermal","HurReg","GMHT","dT","Hur100"
"Punta Maroma","Age",298,"M6_av","M6_fqcy (38%)",36,77,95,100,100,NA,7,6,18
"Punta Maroma","Sampling",300,"M6_av","M6_av (28%)",28,52,96,99,88,NA,30,15,30
"Punta Maroma","Both",298,"M6_av","M7_av (29%)",17,42,95,100,88,NA,40,17,26
"Florida","Age",298,"M6_fqcy","M7_fqcy (41%)",12,39,66,77,33,NA,11,9,83
"Florida","Sampling",300,"M6_fqcy","M4_fqcy (24%)",4,16,39,38,6,NA,7,7,34
"Florida","Both",298,"M6_fqcy","M4_fqcy (19%)",4,18,44,50,11,NA,10,10,41
"Belize","Age",298,"M7_fqcy","M7_fqcy (41%)",41,80,79,99,48,94,23,42,15
"Belize","Sampling",300,"M7_fqcy","M7_av (22%)",22,44,62,78,44,50,36,34,26
"Belize","Both",298,"M7_fqcy","M7_av (24%)",21,44,64,82,51,52,33,35,24
"Saint Croix","Age",298,"M4_av","M7_av (20%)",11,39,65,72,NA,NA,15,14,17
"Saint Croix","Sampling",300,"M4_av","M3 (23%)",5,24,51,74,NA,NA,34,23,26
"Saint Croix","Both",298,"M4_av","M3 (32%)",5,36,32,54,NA,NA,19,18,20
"Regional","Age",298,"M7_av","M7_av (40%)",40,71,95,100,15,98,13,7,19
"Regional","Sampling",300,"M7_av","M7_av (29%)",29,63,83,96,21,84,8,3,22
"Regional","Both",298,"M7_av","M7_fqcy (37%)",27,56,81,95,26,81,13,8,22
