"o","panel","level","est","p","n_bins"
0,"Punta Maroma","low",-0.283406912152554,0.6009571103302,7
0,"Punta Maroma","calm",0.22702196717867,0.775168462933946,3
0,"Punta Maroma","enhanced",-0.207117127613019,0.786201519115303,2
0,"Punta Maroma","high",3.39844660348541,0.00011861744412568,2
0,"Belize","low",-1.33658252549975,0.177487028906402,9
0,"Belize","calm",0.122692837516575,0.928097925018014,1
0,"Belize","enhanced",0.428004895699452,0.614492646927494,2
0,"Belize","high",2.88247168906278,0.0509376643990573,2
0,"Regional","low",0.0321968319482904,0.957835012406249,19
0,"Regional","calm",-2.37311147793599,0.0203601836795934,3
0,"Regional","enhanced",-0.906931830673128,0.118555668984445,7
0,"Regional","high",1.03320106797995,0.406766680916253,2
10,"Punta Maroma","low",-0.55998624936504,0.187913724007665,8
10,"Punta Maroma","calm",0.427119415145105,0.51299433713798,3
10,"Punta Maroma","enhanced",-0.12198668955638,0.848977183034023,2
10,"Punta Maroma","high",4.03959177395391,1.13054591609886e-07,2
10,"Belize","low",-1.05587047854042,0.22461725370877,9
10,"Belize","calm",0.20694807459071,0.859653029363351,1
10,"Belize","enhanced",0.456915738859941,0.547280322601004,2
10,"Belize","high",2.84127196354836,0.0175292143406552,2
10,"Regional","low",0.519639496937606,0.263079056168132,19
10,"Regional","calm",-0.869270158376398,0.189075042609408,3
10,"Regional","enhanced",-0.264709999539872,0.554187091944267,7
10,"Regional","high",2.80926550975147,0.000408337073541947,2
20,"Punta Maroma","low",-0.678681239218379,0.106900088259787,8
20,"Punta Maroma","calm",0.492529149943467,0.423132593067557,3
20,"Punta Maroma","enhanced",-0.00444543385497792,0.995691099527389,1
20,"Punta Maroma","high",4.08809418806844,1.6279615983103e-08,2
20,"Belize","low",-0.288367244331305,0.719113385804657,9
20,"Belize","calm",0.108109873904002,0.925567658955118,1
20,"Belize","enhanced",0.372714688840315,0.638895442382161,2
20,"Belize","high",2.34872646645455,0.0292863088777492,2
20,"Regional","low",0.565938962423881,0.22229318187948,20
20,"Regional","calm",-1.05441641503368,0.11267511441935,3
20,"Regional","enhanced",-0.175468549513056,0.708064458969338,6
20,"Regional","high",2.72899832432917,0.000813308978758692,2
30,"Punta Maroma","low",-0.949346811662528,0.0112641369256374,8
30,"Punta Maroma","calm",0.796855311583617,0.140706573877293,3
30,"Punta Maroma","enhanced",0.0414732387070763,0.954885561028186,1
30,"Punta Maroma","high",5.20997234656423,4.33304529856953e-11,2
30,"Belize","low",-0.252179891034426,0.763696824657374,9
30,"Belize","calm",-0.147092431252385,0.905295805399804,1
30,"Belize","enhanced",0.139096998434526,0.869361093475496,2
30,"Belize","high",2.04735502439029,0.0846309007451661,2
30,"Regional","low",0.385072511527075,0.382387725853291,19
30,"Regional","calm",-0.541827411619122,0.379198683090153,3
30,"Regional","enhanced",-0.323537965237758,0.474466221294388,6
30,"Regional","high",2.89337535174716,9.09490932216833e-05,2
40,"Punta Maroma","low",-0.742191800245097,0.0400438279689314,9
40,"Punta Maroma","calm",0.545511827432177,0.302511711310983,3
40,"Punta Maroma","enhanced",-0.148465840762817,0.838172642338916,1
40,"Punta Maroma","high",4.23098636283925,7.80802148959201e-10,2
40,"Belize","low",-0.295767809789775,0.713449541490576,9
40,"Belize","calm",-0.0573927650373257,0.960351748570446,1
40,"Belize","enhanced",-0.0766182573689704,0.923157515200352,2
40,"Belize","high",2.20598642515476,0.0442255122389098,2
40,"Regional","low",-0.014313105889481,0.972014367345267,20
40,"Regional","calm",-0.355616759107215,0.544479991741735,3
40,"Regional","enhanced",-0.126098821580633,0.766165600895738,6
40,"Regional","high",3.12332207487709,4.15246503933162e-06,2
50,"Punta Maroma","low",-0.545563714652624,0.161808047674559,9
50,"Punta Maroma","calm",0.561379166448382,0.32742553052655,3
50,"Punta Maroma","enhanced",-0.162393525939375,0.836439143076405,1
50,"Punta Maroma","high",3.91393450798172,2.64925508725464e-08,2
50,"Belize","low",-0.255686891676905,0.760265956212918,9
50,"Belize","calm",-0.353499871387565,0.773014860269623,1
50,"Belize","enhanced",-0.318812545514587,0.704582950905055,2
50,"Belize","high",1.85433957256574,0.1195792359246,2
50,"Regional","low",-0.197422311402725,0.62682543091264,20
50,"Regional","calm",-0.291951469641995,0.626432806598655,3
50,"Regional","enhanced",0.44796517064616,0.273622414878887,6
50,"Regional","high",3.21955335903092,1.19231692986017e-06,2
60,"Punta Maroma","low",-0.236676076991039,0.61822269313378,7
60,"Punta Maroma","calm",0.0662984537026245,0.926157213114355,3
60,"Punta Maroma","enhanced",-0.388619753132315,0.649232522318872,1
60,"Punta Maroma","high",2.77947902297106,0.000416240395708629,3
60,"Belize","low",-0.0629000287058636,0.929457381532069,11
60,"Belize","calm",0.021405886221753,0.983980598470975,1
60,"Belize","enhanced",0.210566535116441,0.763200335551377,3
60,"Belize","high",2.32527157518946,0.0122382523084816,2
60,"Regional","low",0.088752221843092,0.840508716923147,19
60,"Regional","calm",-0.501852753618289,0.433820847365984,3
60,"Regional","enhanced",0.123188850203633,0.774145376446352,7
60,"Regional","high",2.12828232762873,0.000559525485174747,3
70,"Punta Maroma","low",-0.277876001268594,0.564289203119855,7
70,"Punta Maroma","calm",0.343124357835678,0.654808887013205,2
70,"Punta Maroma","enhanced",-0.339246649239811,0.631677679932868,2
70,"Punta Maroma","high",2.68224340317413,0.000476176020782771,3
70,"Belize","low",-0.337252321084704,0.705513816867539,9
70,"Belize","calm",0.0390965560239572,0.977098071908162,1
70,"Belize","enhanced",0.649505605996251,0.490075247699155,2
70,"Belize","high",1.39428657625601,0.28216387567742,3
70,"Regional","low",0.198249666620941,0.663324623201326,19
70,"Regional","calm",-0.450529107581088,0.542610808036177,2
70,"Regional","enhanced",-0.165881113189824,0.709855514972242,7
70,"Regional","high",1.94137958719203,0.00212721416148153,3
80,"Punta Maroma","low",-0.313391032154423,0.566827355115426,7
80,"Punta Maroma","calm",0.329005238593507,0.707222529235145,2
80,"Punta Maroma","enhanced",-0.192989338310583,0.807021920803972,2
80,"Punta Maroma","high",2.4724967685067,0.00349067522974113,3
80,"Belize","low",-0.0847659870764463,0.921224894250233,10
80,"Belize","calm",0.206770892830052,0.870174613141358,1
80,"Belize","enhanced",0.912424606675754,0.321329754742723,2
80,"Belize","high",1.73338484593796,0.111169941774636,3
80,"Regional","low",0.295901621268004,0.519430081176392,19
80,"Regional","calm",-0.648207698899037,0.395681956712183,2
80,"Regional","enhanced",-0.103902846237127,0.817052643801783,7
80,"Regional","high",1.91848462873615,0.00266121137007862,3
90,"Punta Maroma","low",-0.41545788861829,0.439085518300599,7
90,"Punta Maroma","calm",0.258478681697,0.744553381343807,3
90,"Punta Maroma","enhanced",-0.0234336779167685,0.975704360072096,2
90,"Punta Maroma","high",2.71000126112468,0.000882652347453473,3
90,"Belize","low",-0.628251575563358,0.49261715219436,10
90,"Belize","calm",0.56516935670872,0.649763998564886,1
90,"Belize","enhanced",1.14922067783743,0.207392428634382,2
90,"Belize","high",2.13131938077418,0.0416412202471938,3
90,"Regional","low",0.320458065441703,0.493276573558278,18
90,"Regional","calm",-0.923242502328695,0.178466343868329,3
90,"Regional","enhanced",-0.110734750270034,0.808626064846134,7
90,"Regional","high",1.98198639817255,0.00308906871365207,3
