"o","panel","n","best_marg","p_hf_marg","p_hav_marg","dAIC_hav_vs_age","best_comb","dAIC_comb_vs_M1","p_hur_best","p_therm_best","p_hurreg_best","p_hf_M4","p_hav_M4","p_therm_M6av"
0,"Punta Maroma",31,"M_the",0.044030404919529,0.000367046456494158,17.9855297501378,"M6_av",48.9973124363148,0.0693832600135414,8.16209598512961e-07,NA,0.258061791853932,0,8.16209598512961e-07
0,"Florida",44,"M_hf",0.0850017582921984,0.150985082814361,2.14274019070956,"M4_fqcy",0.248241248776939,0.0924024247804641,NA,NA,0.0924024247804641,0.579908756723554,0.35015756313967
0,"Belize",24,"M_temp",0.905160184616919,0.614427039471986,5.61147722485928,"M7_fqcy",9.15069686363984,0.102156100997335,0.0383419762872669,0.0144237265752124,0.158878532410537,0.690818508080425,0.247250021578269
0,"Saint Croix",19,"M_hav",0.375443308813188,0.201677277669662,0,"M4_av",2.51615161843318,0.0851222253346489,NA,NA,0.84485224683267,0.0851222253346489,0.155200077865741
0,"Regional",57,"M_hur",0.493647653392152,0.0103383637789379,12.8545737612295,"M7_av",20.0972118017257,0.400201188174242,0.0804857465204064,0.000239555144720105,0.350952685747872,0.00106030177351091,0.0217760917019524
10,"Punta Maroma",32,"M_the",0.164600099088035,1.02766886314054e-05,10.471743099317,"M7_av",48.9023143952672,0.0123773691348452,0.0174250152378041,2.81352180808089e-11,0.0259625761096034,3.78554790958496e-07,1.87309541763455e-05
10,"Florida",43,"M_dt",0.670042753054407,0.513993435413638,0.742938939899433,"M2",1.44209290997566e-06,NA,NA,NA,0.491836713490815,0.854302706400285,0.448607145748063
10,"Belize",24,"M_temp",0.370980140495499,0.20801835340582,7.51310078393624,"M7_fqcy",17.7979724063781,0.79682365348878,0.00210080863505454,0.00361086871706549,0.057825912984661,0.379599824582713,0.0133900541380599
10,"Saint Croix",19,"M_hf",0.105696600060732,0.15251545923598,0.874321667158771,"M4_av",5.60971286096503,0.00174449265072762,NA,NA,0.260313167967595,0.00174449265072762,0.220885366206814
10,"Regional",58,"M_hur",0.876443470931189,0.00782194973164441,10.9286342301055,"M7_av",17.9984498821635,0.0277056251548142,0.837576160716922,0.00412170441445858,0.537884546060548,0.00177997627222104,0.33611247737052
20,"Punta Maroma",31,"M_the",0.388768875290756,0.00111134724611534,2.62214988326465,"M7_av",51.7264329187753,0.0799228178206282,0.0070175622969049,5.06309293763726e-13,0.200576169370502,7.06729962329788e-07,0.00115662709790255
20,"Florida",44,"M_hur",0.808321267473139,0.431017708093233,0.401430549153082,"M1",0,NA,NA,NA,0.645865712429888,0.999922276427025,0.535800940006813
20,"Belize",25,"M_temp",0.445525852437832,0.212563985539707,6.20063117705331,"M7_av",24.9660233268149,0.964088812811865,1.4725081651102e-05,0.000314686820962825,0.938603354057729,0.187201416204005,0.0010486104942177
20,"Saint Croix",20,"M_temp",0.773645644532697,0.751455258771204,5.38353147054131,"M4_fqcy",1.69323989857107,0.67131575856909,NA,NA,0.67131575856909,0.501330199729169,0.351077656244823
20,"Regional",57,"M_hur",0.513632713714423,0.646041750488891,22.629522452853,"M7_fqcy",17.8289839714292,0.522878699055618,0.530339511024739,0.000161019825806007,0.840707859842193,0.428873053525591,0.908375041729348
30,"Punta Maroma",30,"M_hur",0.951427142053239,0.535477014525992,20.3333745144288,"M7_fqcy",15.9089313910919,0.91255786146655,0.727761294264571,2.79276576615282e-08,0.560609395209962,0.0134340877685786,0.460035513670556
30,"Florida",43,"M_dt",0.501326351019295,0.792585662214599,1.28611202062497,"M3",3.63616844367698e-06,NA,NA,NA,0.294920933873363,0.816996541186571,0.472364243957964
30,"Belize",24,"M_temp",0.611727229205293,0.277307112777271,9.71021329813446,"M4_av",25.0302497021373,2.60621402081718e-06,NA,NA,0.933686809960839,2.60621402081718e-06,0.00311576901129102
30,"Saint Croix",18,"M_hav",0.945838902291743,0.161648330386567,0,"M7_fqcy",3.52774798743321,0.122441980094103,0.0400280003391463,0.0268711378161083,0.601707107894874,0.0228354342463494,0.13218778432106
30,"Regional",56,"M_hur",0.195220654369639,0.896857648583533,24.0863432839794,"M7_fqcy",27.9736382861044,0.0810992081179829,0.00542762559315626,2.23741802144315e-05,0.44820776992314,0.957973192647017,0.00111117556001787
40,"Punta Maroma",32,"M_hur",0.633838650432973,0.661219505250572,25.9860487260272,"M7_fqcy",45.7421911548755,0.107133790281279,0.0418231781230691,1.91761833687556e-09,0.262997622893538,0.157891722501239,0.313480305288468
40,"Florida",41,"M_hyd",0.643467814797068,0.658257156753177,2.37831949927494,"M5_fqcy",0.629615116858427,0.831373239284131,NA,NA,0.435272599047507,0.96983926487406,0.760756634585893
40,"Belize",26,"M_temp",0.29341560963861,0.141384616818345,5.04693972003635,"M7_av",31.6630378643864,0.996436794881892,1.48652441699804e-06,0.000317480798321699,0.368300240851257,0.000841940717219103,0.000132128469315193
40,"Saint Croix",19,"M_hav",0.878224707892613,0.115992088555789,0,"M7_fqcy",45.7234508813001,0,3.15118984964967e-15,8.40565632784539e-19,0.51820492026428,0.00613905619115063,0.0498228448352284
40,"Regional",58,"M_hur",0.193811255783925,0.781036500442647,26.705772947194,"M7_av",37.3682221742549,0.659441882846392,0.0010544075991361,3.39217018050986e-05,0.50150795581889,0.944528155386102,0.000235202967930667
50,"Punta Maroma",33,"M_hur",0.844610964262676,0.833582180494897,29.3686470922319,"M7_av",45.9065225764826,0.744636439313856,0.00378473028495742,7.28755542905914e-12,0.829380525587245,0.983292528036595,0.165041575051806
50,"Florida",43,"M_temp",0.486956390819529,0.837843180426456,2.98906437126099,"M2",0.947816279295084,NA,NA,NA,0.281810039239037,0.947449700482109,0.528603452499964
50,"Belize",25,"M_temp",0.574204019522892,0.228840381124464,5.3044212328053,"M7_fqcy",26.7907518005021,0.817147960210361,3.5112661077233e-05,0.000240748661352962,0.858825724916491,0.000158423427275789,0.00041363974374563
50,"Saint Croix",20,"M_the",0.152145730778625,0.420658668493194,4.37615137184211,"M7_fqcy",4.33618887927748,0.0238700117000648,0.067907348191682,0.0168590433713181,0.144184968664558,0.632130443615882,0.027462681308667
50,"Regional",58,"M_hur",0.76225206931755,0.722627414715255,25.8439211272466,"M7_av",32.2378588447554,0.906253912560859,0.00447852411065799,3.86459307850068e-05,0.881898230773622,0.552072521631009,0.00167170140270741
60,"Punta Maroma",32,"M_the",0.973187439415612,0.915453908587388,11.4244155618181,"M7_fqcy",20.5114874393121,0.545748378100362,0.0178194893523255,8.64652678569493e-06,0.734783207746578,0.622522144199707,0.00394328301770804
60,"Florida",42,"M_hf",0.0181877193620659,0.0563566717768421,4.8978115050818,"M4_fqcy",9.51370211209543,0.00166184919827028,NA,NA,0.00166184919827028,0.00954636669841391,0.27715276157639
60,"Belize",27,"M_temp",0.413692901001581,0.31495903812886,5.88518078858513,"M7_av",19.1371311122996,6.30721236614118e-05,0.37878851916271,0.000359592944343545,0.92287880681202,0.543716108248645,0.00972225527931509
60,"Saint Croix",20,"M_hf",0.086520379339855,0.404652524469666,2.81236223623155,"M7_av",10.1240336817163,0.0026995793600384,0.0043119833289243,0.000269238397572804,0.054762609013011,0.713619204135739,0.163905382111815
60,"Regional",59,"M_the",0.585869834975376,0.963906446161647,18.1840617381929,"M6_av",16.6077893678531,0.786240761774508,0.000314463642390648,NA,0.58955514241771,0.651926034843398,0.000314463642390648
70,"Punta Maroma",32,"M_the",0.604977904378708,0.154185689512475,14.8425754569992,"M7_av",18.7130280964762,0.737501226846686,0.0309404176705847,6.71751185777772e-06,0.401859253285854,0.0908572775142786,0.00289630423583535
70,"Florida",42,"M_hf",0.0150529258147565,0.325248887926346,6.85476245942324,"M5_fqcy",9.27198374495831,0.000389034485296036,NA,NA,0.00409782237578127,0.745946931370018,0.495604511903661
70,"Belize",25,"M_the",0.997250918153487,0.864453835116694,5.68880754138819,"M6_fqcy",2.48494603775988,0.400077158859906,0.0156739615268955,NA,0.470120511910275,0.445326804065092,0.0156743994457318
70,"Saint Croix",18,"M_hf",0.046958219018943,0.04619095818624,1.8081454585501,"M4_av",15.7411538375184,0.000108612816131504,NA,NA,0.00872251609435049,0.000108612816131504,0.311001364915184
70,"Regional",58,"M_the",0.691658834815358,0.591269260812196,10.8916208068077,"M7_fqcy",8.46966621953054,0.686799042195451,0.18094819899292,0.00138419053317276,0.866707082368981,0.13754885405737,0.0359115216900965
80,"Punta Maroma",32,"M_the",0.850873703783805,0.134864756021664,8.41067642130234,"M7_fqcy",11.0432856415514,0.499858486669725,0.118089161548203,0.00115186733380981,0.584769976280503,0.0404532481141204,0.0160014222558194
80,"Florida",42,"M_hf",0.00681507540738402,0.243020306773456,8.59292766195154,"M6_fqcy",8.95973205046904,5.84519468161959e-05,0.0583470076953135,NA,0.000987925142725499,0.516501994261749,0.491039124399634
80,"Belize",26,"M_the",0.39811655813029,0.890415018316464,2.74468104702139,"M6_fqcy",2.42537023959596,0.0362519364785845,0.0253362023290102,NA,0.0302698554076357,0.555401129367003,0.0436116130037606
80,"Saint Croix",18,"M_hf",0.0891193869086284,0.694915219280193,4.14212523888631,"M6_fqcy",10.5223802763184,4.03805385709166e-05,0.0014832439274093,NA,0.464191867325657,0.649891990561328,0.403698292701966
80,"Regional",58,"M_hur",0.881171190512628,0.264092275812085,9.02739649150519,"M4_av",7.53525183468455,0.015748419409042,NA,NA,0.698071326943766,0.015748419409042,0.10085018014962
90,"Punta Maroma",34,"M_hur",0.845684446277669,0.206292903483822,11.5379976019252,"M7_fqcy",11.217273793346,0.24057042523335,0.326074486410798,0.00142349087232464,0.889386121587574,0.127944338566463,0.0424052283299893
90,"Florida",41,"M_temp",0.298300197299669,0.310514091784717,1.51088067879192,"M3",0.276916656998025,NA,NA,NA,0.232047091660663,0.772480365338614,0.580556850434211
90,"Belize",25,"M_temp",0.623314111263537,0.352899177871197,1.26630853309351,"M7_fqcy",5.98225401756723,0.420437436330328,0.00177806256229066,0.0374441768588939,0.043778320478626,0.629932860438813,0.0861279253818524
90,"Saint Croix",19,"M_hav",0.784103223760896,0.158210657027835,0,"M4_av",3.41481854729924,0.0427467243178108,NA,NA,0.789934067842428,0.0427467243178108,0.13833555013264
90,"Regional",57,"M_hur",0.703377123551033,0.759681778344464,14.6697867484906,"M2",10.2627178340622,NA,NA,NA,0.195541445942932,0.426943588026003,0.210603933274371
