"Thermal","bins","mean_y","median_y","panel"
"LIA",5,0.15382,0.1538,"Punta Maroma"
"cooler",23,0.127069565217391,0.0769,"Punta Maroma"
"warmer",3,0.404856989247312,0.1538,"Punta Maroma"
"CWP&MWA",3,0.333333333333333,0.25,"Belize"
"LIA",2,0.614583333333333,0.614583333333333,"Belize"
"cooler",13,0.307692307692308,0.25,"Belize"
"warmer",6,0.579861111111111,0.625,"Belize"
"CWP&MWA",6,0.254133333333333,0.2923,"Regional"
"LIA",5,0.20486,0.1399,"Regional"
"cooler",34,0.222808823529412,0.25395,"Regional"
"warmer",12,0.357819005847953,0.31875,"Regional"
