EL,core_section,depth_cm,age_CE,varve_years_before_2022
EL1,BH8-18,2.5,2022,0
EL2,BH8-18,3.5,2020,2
EL3,BH8-18,5.7,2016,6
EL4,BH8-18,10.7,2011,11
EL5,BH8-18,11.4,2009,13
EL6,BH8-18,11.8,2008,14
EL7,BH8-18,12.3,2007,15
EL8,BH8-18,13.5,2002,20
EL9,BH8-18,15.4,2000,22
EL10,BH8-18,23.5,1998,24
EL11,BH8-18,24.0,1996,26
EL12,BH8-18,26.3,1992,30
EL13,BH8-18,28.4,1985,37
EL14,BH8-18,34.9,1979,43
EL15,BH8-18,38.0,1974,48
EL16,BH8-18,40.2,1968,54
EL17,BH8-18,41.1,1965,57
EL18,BH8-18,42.1,1964,58
EL19,BH8-18,44.5,1962,60
EL20,BH8-18,59.4,1960,62
EL21,BH8-18,59.8,1959,63
EL22,BH8-18,61.2,1958,64
EL23,BH8-18,61.8,1956,66
EL24,BH8-18,64.2,1947,75
EL25,BH8-18,65.1,1944,78
EL26,BH8-18,65.8,1943,79
EL27,BH8-18,68.1,1939,83
EL28,BH8-18,70.5,1932,90
EL29,BH8-18,74.1,1929,93
EL30,BH8-18,77.8,1915,107
EL31,BH8-18,79.0,1913,109
EL32,BH8-18,81.7,1904,118
EL33,BH8-18,82.9,1900,122
EL34,BH8-18,85.5,1891,131
EL35,BH8-18,96.3,1871,151
EL36,BH8-18,100.6,1868,154
EL37,BH8-18,103.8,1855,167
EL38,BH8-18,107.2,1842,180
EL39,BH8-18,110.1,1837,185
EL40,BH8-18,112.3,1829,193
EL41,BH8-18,117.4,1815,207
EL42,BH8-18,119.8,1813,209
EL43,BH8-18,123.4,1804,218
EL44,BH8-18,126.7,1792,230
EL45,BH8-18,127.5,1789,233
EL46,BH8-18,129.3,1785,237
EL47,BH8-18,130.6,1780,242
EL48,BH8-18,139.7,1754,268
EL49,BH8-19,142.0,1748,274
EL50,BH8-19,143.7,1747,275
EL51,BH8-19,145.7,1740,282
EL52,BH8-19,148.1,1731,291
EL53,BH8-19,151.1,1720,302
EL54,BH8-19,153.2,1713,309
EL55,BH8-19,158.0,1705,317
EL56,BH8-19,159.0,1703,319
EL57,BH8-19,165.9,1680,342
EL58,BH8-19,168.1,1674,348
EL59,BH8-19,170.0,1672,350
EL60,BH8-19,177.0,1657,365
EL61,BH8-19,179.0,1651,371
EL62,BH8-19,191.199999999999,1639,383
EL63,BH8-19,191.7,1638,384
EL64,BH8-19,207.700000000001,1622,400
EL65,BH8-19,212.7,1618,404
EL66,BH8-19,214.4,1614,408
EL67,BH8-19,217.5,1608,414
EL68,BH8-19,233.3,1583,439
EL69,BH8-19,236.3,1581,441
EL70,BH8-19,241.0,1574,448
EL71,BH8-19,249.3,1561,461
EL72,BH8-19,251.2,1558,464
EL73,BH8-19,252.8,1554,468
EL74,BH8-19,254.7,1547,475
EL75,BH8-4,257.8,1536,486
EL76,BH8-4,261.5,1522,500
EL77,BH8-4,263.9,1514,508
EL78,BH8-4,265.4,1511,511
EL79,BH8-4,268.7,1499,523
EL80,BH8-4,271.8,1496,526
EL81,BH8-4,276.0,1491,531
EL82,BH8-4,278.9,1483,539
EL83,BH8-4,281.8,1481,541
EL84,BH8-4,284.6,1479,543
EL85,BH8-4,290.0,1466,556
EL86,BH8-4,301.4,1456,566
EL87,BH8-4,307.1,1439,583
EL88,BH8-4,310.2,1434,588
EL89,BH8-4,313.8,1422,600
EL90,BH8-4,317.4,1415,607
EL91,BH8-4,319.4,1408,614
EL92,BH8-4,320.2,1406,616
EL93,BH8-4,322.1,1403,619
EL94,BH8-4,326.5,1398,624
EL95,BH8-4,331.3,1385,637
EL96,BH8-4,336.5,1375,647
EL97,BH8-4,338.6,1370,652
EL98,BH8-4,341.4,1368,654
EL99,BH8-4,347.8,1358,664
EL100,BH8-4,354.7,1342,680
EL101,BH8-4,357.6,1330,692
EL102,BH8-4,358.0,1329,693
EL103,BH8-4,358.9,1328,694
EL104,BH8-4,371.9,1313,709
EL105,BH8-4,375.9,1308,714
EL106,BH8-4,383.8,1306,716
EL107,BH8-4,385.9,1304,718
EL108,BH8-4,387.1,1300,722
EL109,BH8-4,391.5,1295,727
EL110,BH8-4,397.6,1272,750
EL111,BH8-4,405.0,1263,759
EL112,BH8-4,407.7,1258,764
EL113,BH8-4,421.3,1256,766
EL114,BH8-5,426.3,1238,784
EL115,BH8-5,429.4,1230,792
EL116,BH8-5,430.3,1227,795
EL117,BH8-5,431.2,1226,796
EL118,BH8-5,432.4,1223,799
EL119,BH8-5,434.1,1217,805
EL120,BH8-5,437.0,1206,816
EL121,BH8-5,438.8,1201,821
EL122,BH8-5,440.5,1194,828
EL123,BH8-5,446.6,1182,840
EL124,BH8-5,448.2,1178,844
EL125,BH8-5,452.3,1163,859
EL126,BH8-5,453.0,1162,860
EL127,BH8-5,455.9,1152,870
EL128,BH8-5,457.2,1150,872
EL129,BH8-5,460.2,1149,873
EL130,BH8-5,461.5,1147,875
EL131,BH8-5,468.3,1124,898
EL132,BH8-5,472.7,1115,907
EL133,BH8-5,478.5,1109,913
EL134,BH8-5,482.8,1107,915
EL135,BH8-5,503.1,1104,918
EL136,BH8-5,507.0,1100,922
EL137,BH8-5,509.5,1091,931
EL138,BH8-5,510.0,1089,933
EL139,BH8-5,512.2,1081,941
EL140,BH8-5,515.4,1073,949
EL141,BH8-5,518.7,1066,956
EL142,BH8-5,522.3,1053,969
EL143,BH8-5,523.2,1051,971
EL144,BH8-5,524.0,1049,973
EL145,BH8-5,530.2,1046,976
EL146,BH8-5,532.9,1045,977
EL147,BH8-5,535.2,1044,978
EL148,BH8-5,537.2,1042,980
EL149,BH8-5,541.5,1039,983
EL150,BH8-5,543.1,1034,988
EL151,BH8-5,543.7,1032,990
EL152,BH8-5,549.1,1021,1001
EL153,BH8-5,550.7,1017,1005
EL154,BH8-5,569.4,1015,1007
EL155,BH8-5,571.8,1006,1016
EL156,BH8-5,573.4,1000,1022
EL157,BH8-5,576.199999999999,998,1024
EL158,BH8-5,576.9,996,1026
EL159,BH8-5,578.4,990,1032
EL160,BH8-5,581.5,987,1035
EL161,BH8-5,584.3,976,1046
EL162,BH8-5,588.7,963,1059
EL163,BH8-5,589.1,962,1060
EL164,BH8-5,591.0,956,1066
EL165,BH8-5,592.5,951,1071
EL166,BH8-5,595.1,943,1079
EL167,BH8-5,598.2,937,1085
EL168,BH8-5,599.5,934,1088
EL169,BH8-5,601.8,925,1097
EL170,BH8-5,606.9,905,1117
EL171,BH8-5,614.5,896,1126
EL172,BH8-5,616.4,889,1133
EL173,BH8-5,616.9,887,1135
EL174,BH8-5,619.3,879,1143
EL175,BH8-6,633.2,854,1168
EL176,BH8-6,643.2,846,1176
EL177,BH8-6,646.0,835,1187
EL178,BH8-6,647.0,831,1191
EL179,BH8-6,648.5,827,1195
EL180,BH8-6,650.9,818,1204
EL181,BH8-6,653.2,815,1207
EL182,BH8-6,660.7,798,1224
EL183,BH8-6,663.8,787,1235
EL184,BH8-6,665.0,783,1239
EL185,BH8-6,666.9,775,1247
EL186,BH8-6,667.1,774,1248
EL187,BH8-6,667.5,772,1250
EL188,BH8-6,668.2,769,1253
EL189,BH8-6,668.6,767,1255
EL190,BH8-6,670.6,758,1264
EL191,BH8-6,672.7,756,1266
EL192,BH8-6,676.6,738,1284
EL193,BH8-6,678.1,732,1290
EL194,BH8-6,679.9,730,1292
EL195,BH8-6,680.7,728,1294
EL196,BH8-6,682.0,724,1298
EL197,BH8-6,683.3,721,1301
EL198,BH8-6,684.2,718,1304
EL199,BH8-6,686.4,710,1312
EL200,BH8-6,687.5,707,1315
EL201,BH8-6,690.4,705,1317
EL202,BH8-6,692.7,696,1326
EL203,BH8-6,698.199999999999,687,1335
EL204,BH8-6,699.5,684,1338
EL205,BH8-6,701.4,681,1341
EL206,BH8-6,704.1,671,1351
EL207,BH8-6,706.8,661,1361
EL208,BH8-6,709.800000000001,659,1363
EL209,BH8-6,717.2,630,1392
EL210,BH8-6,720.5,619,1403
EL211,BH8-6,724.2,605,1417
EL212,BH8-6,724.8,604,1418
EL213,BH8-6,725.6,600,1422
EL214,BH8-6,726.2,598,1424
EL215,BH8-6,727.2,597,1425
EL216,BH8-6,731.7,584,1438
EL217,BH8-6,734.0,573,1449
EL218,BH8-6,735.6,572,1450
EL219,BH8-6,744.5,566,1456
EL220,BH8-6,745.6,562,1460
EL221,BH8-6,746.0,560,1462
EL222,BH8-6,746.7,556,1466
EL223,BH8-6,750.8,537,1485
EL224,BH8-6,752.0,533,1489
EL225,BH8-6,765.2,531,1491
EL226,BH8-6,766.1,528,1494
EL227,BH8-6,768.9,518,1504
EL228,BH8-6,769.8,514,1508
EL229,BH8-6,773.3,500,1522
EL230,BH8-6,774.2,495,1527
EL231,BH8-6,780.5,493,1529
EL232,BH8-6,783.099999999999,489,1533
EL233,BH8-6,790.7,464,1558
EL234,BH8-6,799.9,455,1567
EL235,BH8-6,804.6,441,1581
EL236,BH8-6,807.3,431,1591
EL237,BH8-6,809.4,429,1593
EL238,BH8-7,827.799999999999,379,1643
EL239,BH8-7,829.0,376,1646
EL240,BH8-7,867.3,373,1649
EL241,BH8-7,868.3,370,1652
EL242,BH8-7,871.0,360,1662
EL243,BH8-7,871.3,358,1664
EL244,BH8-7,872.2,356,1666
EL245,BH8-7,872.8,353,1669
EL246,BH8-7,876.1,341,1681
EL247,BH8-7,881.1,333,1689
EL248,BH8-7,884.6,322,1700
EL249,BH8-7,889.2,311,1711
EL250,BH8-7,892.5,299,1723
EL251,BH8-7,897.0,292,1730
EL252,BH8-7,901.800000000001,284,1738
EL253,BH8-7,905.3,281,1741
EL254,BH8-7,907.7,278,1744
EL255,BH8-7,911.0,267,1755
EL256,BH8-7,916.3,247,1775
EL257,BH8-7,924.1,220,1802
EL258,BH8-7,928.8,207,1815
EL259,BH8-7,932.4,194,1828
EL260,BH8-7,933.1,192,1830
EL261,BH8-7,934.4,189,1833
EL262,BH8-7,938.3,176,1846
EL263,BH8-7,942.700000000001,173,1849
EL264,BH8-7,946.2,167,1855
EL265,BH8-7,950.5,156,1866
EL266,BH8-7,959.1,122,1900
EL267,BH8-7,963.2,106,1916
EL268,BH8-7,972.2,83,1939
EL269,BH8-7,973.8,80,1942
EL270,BH8-7,982.5,78,1944
EL271,BH8-7,983.0,77,1945
EL272,BH8-7,989.9,72,1950
EL274,BH8-8,1032.5,40,1982
EL275,BH8-8,1041.1,8,2014
EL276,BH8-8,1046.2,-3,2025
EL277,BH8-8,1048.6,-12,2034
EL278,BH8-8,1051.9,-17,2039
EL279,BH8-8,1063.2,-43,2065
EL280,BH8-8,1065.6,-47,2069
EL281,BH8-8,1066.5,-50,2072
EL282,BH8-8,1071.3,-51,2073
EL283,BH8-8,1072.6,-55,2077
EL284,BH8-8,1073.2,-57,2079
EL285,BH8-8,1074.5,-61,2083
EL286,BH8-8,1084.8,-62,2084
EL287,BH8-8,1085.8,-64,2086
EL288,BH8-8,1092.6,-82,2104
EL289,BH8-8,1095.8,-97,2119
EL290,BH8-8,1101.9,-109,2131
EL291,BH8-8,1103.8,-114,2136
EL292,BH8-8,1109.7,-118,2140
EL293,BH8-8,1111.3,-123,2145
EL294,BH8-8,1112.5,-127,2149
EL295,BH8-8,1115.7,-138,2160
EL296,BH8-8,1117.7,-144,2166
EL297,BH8-8,1121.0,-156,2178
EL298,BH8-8,1131.3,-160,2182
EL299,BH8-8,1135.9,-170,2192
EL300,BH8-8,1141.0,-190,2212
EL301,BH8-8,1146.0,-208,2230
EL302,BH8-8,1149.1,-220,2242
EL303,BH8-8,1152.1,-231,2253
EL304,BH8-8,1158.3,-241,2263
EL305,BH8-8,1164.5,-261,2283
EL306,BH8-8,1169.8,-278,2300
EL307,BH8-8,1172.1,-284,2306
EL308,BH8-8,1174.7,-293,2315
EL309,BH8-8,1181.2,-317,2339
EL310,BH8-8,1186.7,-327,2349
EL311,BH8-8,1187.6,-330,2352
EL312,BH8-8,1193.7,-354,2376
EL313,BH8-9,1220.8,-448,2470
EL314,BH8-9,1228.3,-475,2497
EL315,BH8-9,1234.3,-482,2504
EL316,BH8-9,1236.5,-490,2512
EL317,BH8-9,1237.4,-493,2515
EL318,BH8-9,1241.8,-502,2524
EL319,BH8-9,1246.8,-508,2530
EL320,BH8-9,1251.3,-517,2539
EL321,BH8-9,1256.7,-535,2557
EL322,BH8-9,1258.7,-542,2564
EL323,BH8-9,1259.6,-544,2566
EL324,BH8-9,1260.8,-547,2569
EL325,BH8-9,1261.1,-548,2570
EL326,BH8-9,1263.6,-550,2572
EL327,BH8-9,1276.9,-561,2583
EL328,BH8-9,1281.2,-577,2599
EL329,BH8-9,1286.0,-582,2604
EL330,BH8-9,1287.8,-588,2610
EL331,BH8-9,1291.1,-600,2622
EL332,BH8-9,1293.6,-609,2631
EL333,BH8-9,1298.3,-625,2647
EL334,BH8-9,1304.1,-645,2667
EL335,BH8-9,1306.1,-652,2674
EL336,BH8-9,1307.7,-658,2680
EL337,BH8-9,1308.7,-661,2683
EL338,BH8-9,1321.3,-691,2713
EL339,BH8-9,1323.6,-694,2716
EL340,BH8-9,1326.1,-703,2725
EL341,BH8-9,1331.1,-718,2740
EL342,BH8-9,1332.8,-724,2746
EL343,BH8-9,1335.2,-732,2754
EL344,BH8-9,1340.7,-741,2763
EL345,BH8-9,1346.3,-763,2785
EL346,BH8-9,1347.5,-765,2787
EL347,BH8-9,1348.4,-767,2789
EL348,BH8-9,1353.0,-785,2807
EL349,BH8-9,1354.1,-789,2811
EL350,BH8-9,1357.3,-801,2823
EL351,BH8-9,1362.7,-821,2843
EL352,BH8-9,1369.2,-829,2851
EL353,BH8-9,1372.9,-842,2864
EL354,BH8-9,1374.4,-847,2869
EL355,BH8-9,1376.2,-849,2871
EL356,BH8-9,1379.4,-861,2883
EL357,BH8-9,1381.5,-868,2890
EL358,BH8-9,1384.1,-872,2894
EL358,BH8-10,1418.8,-872,2894
EL359,BH8-10,1421.6,-882,2904
EL360,BH8-10,1426.4,-886,2908
EL361,BH8-10,1466.3,-1006,3028
EL362,BH8-10,1468.0,-1010,3032
EL363,BH8-10,1470.4,-1017,3039
EL364,BH8-10,1476.8,-1019,3041
EL365,BH8-10,1480.7,-1028,3050
EL366,BH8-10,1489.6,-1060,3082
EL367,BH8-10,1497.5,-1090,3112
EL368,BH8-10,1516.9,-1120,3142
EL369,BH8-10,1518.0,-1122,3144
EL370,BH8-10,1519.3,-1126,3148
EL371,BH8-10,1521.3,-1131,3153
EL372,BH8-10,1531.1,-1167,3189
EL373,BH8-10,1536.7,-1183,3205
EL374,BH8-10,1538.1,-1187,3209
EL375,BH8-10,1540.7,-1191,3213
EL376,BH8-10,1553.1,-1203,3225
EL377,BH8-10,1554.5,-1206,3228
EL378,BH8-10,1555.7,-1210,3232
EL379,BH8-10,1558.5,-1221,3243
EL380,BH8-10,1559.0,-1222,3244
EL381,BH8-10,1560.1,-1226,3248
EL382,BH8-10,1561.0,-1228,3250
EL383,BH8-10,1561.5,-1229,3251
EL384,BH8-10,1563.4,-1235,3257
EL385,BH8-10,1563.8,-1236,3258
EL386,BH8-10,1564.8,-1238,3260
EL387,BH8-10,1566.3,-1243,3265
EL388,BH8-10,1567.4,-1245,3267
EL389,BH8-10,1567.9,-1246,3268
EL390,BH8-10,1568.9,-1249,3271
EL391,BH8-10,1569.4,-1250,3272
EL392,BH8-10,1570.8,-1255,3277
EL393,BH8-10,1571.3,-1256,3278
EL394,BH8-10,1572.4,-1259,3281
EL395,BH8-10,1573.1,-1260,3282
EL396,BH8-10,1574.2,-1261,3283
EL397,BH8-10,1576.1,-1267,3289
EL398,BH8-11,1626.6,-1284,3306
EL399,BH8-11,1627.8,-1287,3309
EL400,BH8-11,1630.0,-1295,3317
EL401,BH8-11,1634.5,-1300,3322
EL402,BH8-11,1635.9,-1304,3326
EL403,BH8-11,1642.4,-1321,3343
EL404,BH8-11,1651.1,-1332,3354
EL405,BH8-11,1652.2,-1336,3358
EL406,BH8-11,1655.7,-1349,3371
EL407,BH8-11,1658.5,-1358,3380
EL408,BH8-11,1660.0,-1363,3385
EL409,BH8-11,1661.1,-1367,3389
EL410,BH8-11,1664.3,-1370,3392
EL411,BH8-11,1669.4,-1390,3412
EL412,BH8-11,1674.0,-1407,3429
EL413,BH8-11,1674.9,-1410,3432
EL414,BH8-11,1675.8,-1413,3435
EL415,BH8-11,1676.9,-1416,3438
EL416,BH8-11,1678.5,-1422,3444
EL417,BH8-11,1680.0,-1425,3447
EL418,BH8-11,1684.5,-1435,3457
EL419,BH8-11,1686.8,-1436,3458
EL420,BH8-11,1687.6,-1438,3460
EL421,BH8-11,1690.1,-1440,3462
EL422,BH8-11,1694.9,-1455,3477
EL423,BH8-11,1697.8,-1461,3483
EL424,BH8-11,1704.7,-1488,3510
EL425,BH8-11,1705.4,-1490,3512
EL426,BH8-11,1705.9,-1491,3513
EL427,BH8-11,1706.4,-1492,3514
EL428,BH8-11,1709.2,-1503,3525
EL429,BH8-11,1711.5,-1511,3533
EL430,BH8-11,1714.4,-1521,3543
EL431,BH8-11,1717.9,-1534,3556
EL432,BH8-11,1746.8,-1546,3568
EL433,BH8-11,1747.3,-1547,3569
EL434,BH8-11,1748.7,-1551,3573
EL435,BH8-11,1751.6,-1557,3579
EL436,BH8-11,1758.1,-1580,3602
EL437,BH8-11,1766.7,-1613,3635
EL438,BH8-11,1771.3,-1618,3640
EL439,BH8-11,1779.3,-1649,3671
EL440,BH8-11,1781.3,-1655,3677
EL441,BH8-11,1783.5,-1662,3684
EL442,BH8-11,1785.1,-1668,3690
EL443,BH8-11,1799.6,-1709,3731
EL444,BH8-11,1803.5,-1711,3733
EL445,BH8-12,1853.2,-1838,3860
EL446,BH8-12,1854.0,-1840,3862
EL447,BH8-12,1855.3,-1844,3866
EL448,BH8-12,1858.2,-1855,3877
EL449,BH8-12,1862.6,-1865,3887
EL450,BH8-12,1873.0,-1880,3902
EL451,BH8-12,1884.3,-1924,3946
EL452,BH8-12,1887.0,-1933,3955
EL453,BH8-12,1887.9,-1935,3957
EL454,BH8-12,1889.3,-1940,3962
EL455,BH8-12,1895.7,-1964,3986
EL456,BH8-12,1902.0,-1988,4010
EL457,BH8-12,1905.1,-1996,4018
EL458,BH8-12,1905.9,-1998,4020
EL459,BH8-12,1919.3,-2025,4047
EL460,BH8-12,1930.8,-2031,4053
EL461,BH8-12,1936.0,-2048,4070
EL462,BH8-12,1939.5,-2061,4083
EL463,BH8-12,1946.6,-2089,4111
EL464,BH8-12,1948.6,-2096,4118
EL465,BH8-12,1953.2,-2113,4135
EL466,BH8-12,1954.7,-2117,4139
EL467,BH8-12,1965.9,-2134,4156
EL468,BH8-12,1970.6,-2152,4174
EL469,BH8-12,1971.2,-2154,4176
EL470,BH8-12,1978.2,-2181,4203
EL471,BH8-12,1984.5,-2188,4210
EL472,BH8-12,1986.6,-2195,4217
EL473,BH8-13,2019.3,-2318,4340
EL474,BH8-13,2021.5,-2326,4348
EL475,BH8-13,2024.0,-2333,4355
EL476,BH8-13,2026.1,-2339,4361
EL477,BH8-13,2027.9,-2346,4368
EL478,BH8-13,2029.8,-2353,4375
EL479,BH8-13,2033.1,-2366,4388
EL480,BH8-13,2038.7,-2381,4403
EL481,BH8-13,2043.4,-2400,4422
EL482,BH8-13,2045.1,-2406,4428
EL483,BH8-13,2053.9,-2413,4435
EL484,BH8-13,2060.6,-2440,4462
EL485,BH8-13,2061.1,-2442,4464
EL486,BH8-13,2061.6,-2444,4466
EL487,BH8-13,2062.9,-2448,4470
EL488,BH8-13,2063.9,-2449,4471
EL489,BH8-13,2064.9,-2451,4473
EL490,BH8-13,2066.0,-2453,4475
EL491,BH8-13,2075.2,-2463,4485
EL492,BH8-13,2079.9,-2473,4495
EL493,BH8-13,2082.2,-2482,4504
EL494,BH8-13,2086.5,-2496,4518
EL495,BH8-13,2098.7,-2542,4564
EL496,BH8-13,2100.5,-2548,4570
EL497,BH8-13,2103.5,-2559,4581
EL498,BH8-13,2105.4,-2566,4588
EL499,BH8-13,2113.5,-2594,4616
EL500,BH8-13,2114.8,-2596,4618
EL501,BH8-13,2121.8,-2621,4643
EL502,BH8-13,2123.2,-2624,4646
EL503,BH8-13,2132.8,-2661,4683
EL504,BH8-13,2136.3,-2674,4696
EL505,BH8-13,2147.4,-2713,4735
EL506,BH8-13,2149.4,-2719,4741
EL507,BH8-13,2150.2,-2721,4743
EL508,BH8-13,2156.3,-2745,4767
EL509,BH8-13,2157.3,-2747,4769
EL510,BH8-13,2157.8,-2748,4770
EL511,BH8-13,2162.6,-2760,4782
EL512,BH8-13,2170.6,-2768,4790
EL513,BH8-13,2173.9,-2777,4799
EL514,BH8-13,2182.7,-2788,4810
EL515,BH8-13,2186.1,-2801,4823
EL516,BH8-13,2190.2,-2816,4838
EL517,BH8-13,2191.3,-2820,4842
EL518,BH8-13,2195.4,-2835,4857
EL519,BH8-13,2198.3,-2846,4868
EL520,BH8-13,2198.9,-2848,4870
EL521,BH8-13,2200.7,-2854,4876
EL522,BH8-13,2205.3,-2868,4890
EL523,BH8-14,2212.9,-2888,4910
EL524,BH8-14,2215.6,-2897,4919
EL525,BH8-14,2217.5,-2904,4926
EL526,BH8-14,2218.0,-2907,4929
EL527,BH8-14,2222.6,-2922,4944
EL528,BH8-14,2223.6,-2924,4946
EL529,BH8-14,2229.2,-2942,4964
EL530,BH8-14,2249.7,-3018,5040
EL531,BH8-14,2251.7,-3023,5045
EL532,BH8-14,2253.0,-3025,5047
EL533,BH8-14,2255.2,-2032,4054
EL534,BH8-14,2261.4,-3050,5072
EL535,BH8-14,2264.0,-3056,5078
EL536,BH8-14,2270.7,-3065,5087
EL537,BH8-14,2273.4,-3074,5096
EL538,BH8-14,2280.1,-3086,5108
EL539,BH8-14,2282.8,-3095,5117
EL540,BH8-14,2285.6,-3105,5127
EL541,BH8-14,2286.4,-3107,5129
EL542,BH8-14,2289.6,-3119,5141
EL543,BH8-14,2290.2,-3121,5143
EL544,BH8-14,2298.0,-3151,5173
EL545,BH8-14,2299.0,-3154,5176
EL546,BH8-14,2305.6,-3177,5199
EL547,BH8-14,2307.8,-3186,5208
EL548,BH8-14,2308.2,-3187,5209
EL549,BH8-14,2309.5,-3189,5211
EL550,BH8-14,2319.7,-3229,5251
EL551,BH8-14,2320.6,-3231,5253
EL552,BH8-14,2321.9,-3235,5257
EL553,BH8-14,2325.3,-3243,5265
EL554,BH8-14,2328.0,-3253,5275
EL555,BH8-14,2337.1,-3280,5302
EL556,BH8-14,2344.2,-3307,5329
EL557,BH8-14,2354.9,-3349,5371
EL558,BH8-14,2373.0,-3407,5429
EL559,BH8-14,2376.5,-3419,5441
EL560,BH8-14,2380.3,-3421,5443
EL561,BH8-14,2381.1,-3423,5445
EL562,BH8-14,2393.5,-3469,5491
EL563,BH8-15,2409.5,-3531,5553
EL564,BH8-15,2410.1,-3532,5554
EL565,BH8-15,2412.4,-3540,5562
EL566,BH8-15,2415.8,-3549,5571
EL567,BH8-15,2423.0,-3571,5593
EL568,BH8-15,2430.7,-3601,5623
EL569,BH8-15,2434.7,-3615,5637
EL570,BH8-15,2449.5,-3670,5692
EL571,BH8-15,2461.4,-3712,5734
EL572,BH8-15,2463.4,-3719,5741
EL573,BH8-15,2464.9,-3724,5746
EL574,BH8-15,2465.6,-3726,5748
EL575,BH8-15,2468.6,-3734,5756
EL576,BH8-15,2472.8,-3746,5768
EL577,BH8-15,2473.5,-3747,5769
EL578,BH8-15,2474.7,-3749,5771
EL579,BH8-15,2482.2,-3770,5792
EL580,BH8-15,2487.4,-3786,5808
EL581,BH8-15,2494.4,-3804,5826
EL582,BH8-15,2510.2,-3853,5875
EL583,BH8-15,2511.8,-3857,5879
EL584,BH8-15,2516.5,-3858,5880
EL585,BH8-15,2521.0,-3870,5892
EL586,BH8-15,2528.4,-3890,5912
EL587,BH8-15,2532.8,-3896,5918
EL588,BH8-15,2534.9,-3900,5922
EL589,BH8-15,2536.0,-3900,5922
EL590,BH8-15,2538.4,-3907,5929
EL591,BH8-15,2539.2,-3909,5931
EL592,BH8-15,2541.4,-3913,5935
EL593,BH8-15,2542.2,-3915,5937
EL594,BH8-15,2545.8,-3917,5939
EL595,BH8-15,2547.5,-3920,5942
EL596,BH8-15,2551.3,-3926,5948
EL597,BH8-15,2552.2,-3927,5949
EL598,BH8-15,2553.9,-3932,5954
EL599,BH8-15,2555.0,-3934,5956
EL600,BH8-15,2566.3,-3968,5990
EL601,BH8-15,2567.3,-3970,5992
EL602,BH8-15,2568.0,-3972,5994
EL603,BH8-15,2568.9,-3974,5996
EL604,BH8-15,2574.6,-3982,6004
EL605,BH8-15,2577.9,-3988,6010
EL606,BH8-15,2584.0,-4007,6029
EL607,BH8-15,2589.5,-4023,6045
EL608,BH8-15,2595.6,-4029,6051
EL609,BH8-15,2597.7,-4034,6056
EL610,BH8-15,2599.2,-4038,6060
EL611,BH8-16,2609.6,-4069,6091
EL612,BH8-16,2614.7,-4084,6106
EL613,BH8-16,2619.1,-4089,6111
EL614,BH8-16,2624.8,-4097,6119
EL615,BH8-16,2626.0,-4099,6121
EL616,BH8-16,2628.8,-4105,6127
EL617,BH8-16,2637.3,-4130,6152
EL618,BH8-16,2639.6,-4133,6155
EL619,BH8-16,2641.8,-4135,6157
EL620,BH8-16,2643.3,-4137,6159
EL621,BH8-16,2644.9,-4140,6162
EL622,BH8-16,2651.5,-4160,6182
EL623,BH8-16,2674.4,-4183,6205
EL624,BH8-16,2679.4,-4186,6208
EL625,BH8-16,2700.20000000001,-4224,6246
EL626,BH8-16,2705.0,-4228,6250
EL627,BH8-16,2708.4,-4237,6259
EL628,BH8-16,2712.8,-4249,6271
EL629,BH8-16,2721.1,-4275,6297
EL630,BH8-16,2738.6,-4329,6351
EL631,BH8-16,2746.9,-4354,6376
EL632,BH8-16,2756.7,-4379,6401
EL633,BH8-16,2759.4,-4358,6380
EL634,BH8-16,2762.4,-4391,6413
EL635,BH8-16,2765.3,-4399,6421
EL636,BH8-16,2767.1,-4403,6425
EL637,BH8-16,2768.9,-4406,6428
EL638,BH8-16,2774.0,-4418,6440
EL639,BH8-16,2784.8,-4449,6471
EL640,BH8-16,2786.1,-4452,6474
EL641,BH8-16,2790.8,-4457,6479
EL642,BH8-16,2792.2,-4460,6482
EL643,BH8-16,2793.2,-4462,6484
EL644,BH8-16,2797.3,-4473,6495
EL645,BH8-16,2798.5,-4475,6497
EL646,BH8-16,2800.0,-4479,6501
EL647,BH8-16,2800.7,-4481,6503
EL648,BH8-16,2801.4,-4482,6504
EL649,BH8-16,2805.4,-4486,6508
EL650,BH8-16,2807.4,-4491,6513
EL651,BH8-16,2809.1,-4495,6517
EL652,BH8-16,2809.8,-4496,6518
EL653,BH8-17,2834.2,-4571,6593
EL654,BH8-17,2838.3,-4581,6603
EL655,BH8-17,2843.1,-4593,6615
EL656,BH8-17,2844.4,-4594,6616
EL657,BH8-17,2845.8,-4596,6618
EL658,BH8-17,2853.2,-4610,6632
EL659,BH8-17,2861.6,-4619,6641
EL660,BH8-17,2863.7,-4709,6731
EL661,BH8-17,2866.4,-4799,6821
EL662,BH8-17,2867.6,-4846,6868
EL663,BH8-17,2868.5,-4860,6882
EL664,BH8-17,2869.8,-4880,6902
EL665,BH8-17,2872.2,-4958,6980
EL666,BH8-17,2873.0,-4974,6996
EL667,BH8-17,2873.8,-5001,7023
EL668,BH8-17,2874.4,-5021,7043
EL669,BH8-17,2886.5,-5263,7285
EL670,BH8-17,2887.5,-5293,7315
EL671,BH8-17,2888.3,-5312,7334
EL672,BH8-17,2891.8,-5392,7414
EL673,BH8-17,2894.2,-5411,7433
EL674,BH8-17,2895.5,-5453,7475
EL675,BH8-17,2897.2,-5522,7544
EL676,BH8-17,2899.9,-5560,7582
EL677,BH8-17,2903.8,-5691,7713
EL678,BH8-17,2911.90000000006,-6026,8048
EL679,BH8-17,2918.2,-6326,8348
EL680,BH8-17,2920.2,-6366,8388
EL681,BH8-17,2921.9,-6413,8435
EL682,BH8-17,2929.0,-6743,8765
EL683,BH8-17,2931.3,-6802,8824
EL684,BH8-17,2935.7,-7008,9030
EL685,BH8-17,2937.3,-7045,9067
EL686,BH8-17,2940.3,-7169,9191
EL687,BH8-17,2943.2,-7301,9323
EL688,BH8-17,2947.3,-7492,9514
EL689,BH8-17,2949.2,-7573,9595
EL690,BH8-17,2952.1,-7701,9723
EL691,BH8-17,2953.9,-7774,9796
EL692,BH8-17,2955.1,-7820,9842
EL693,BH8-17,2966.8,-8395,10417
EL694,BH8-17,2969.1,-8495,10517
